Campaign Name,Email,Email Provider,Lead Status,Verification Status,Interest Status,Last contacted from,phone,website,lastName,firstName,companyName,personalization,email,campaign,jobTitle,linkedIn,location,PhoneNumber,companyDomain,Telefoonnummer
"RijFlow App NL",info@rijschooldylano.nl,Other,Completed | Contacted,Verified,Lead,charles@decanexusorbit.org,,http://www.rijschooldylano.nl/,,,Autorijschool Dylano,,info@rijschooldylano.nl,,,,,,,0786455837
"RijFlow App NL",youssef_ben5@hotmail.com,Microsoft,Completed | Contacted,Verified,Lead,howard@decanexusorbit.org,,None,,,Rijschool Benzian,,youssef_ben5@hotmail.com,,,,,,,020 610 46 52
"RijFlow App NL",p.ten.have@hetnet.nl,Other,Completed | Contacted,Verified,Lead,howard@decanexusorbit.org,,None,,,Auto en motorrijschool ten Have Doetinchem,,p.ten.have@hetnet.nl,,,,,,,031 464 34 09
"RijFlow App NL",info@autorijschool-helmig.nl,Other,Completed | Contacted,Verified,Lead,charles@decanexusorbit.org,,http://www.autorijschool-helmig.nl/,,,Autorijschool Helmig,,info@autorijschool-helmig.nl,,,,,,,06 53 38 13 47
"RijFlow App NL",baas64_@hotmail.com,Microsoft,Completed | Contacted,Verified,Lead,howard@decanexusorbit.org,,None,,,Autorijschool Top Licence,,baas64_@hotmail.com,,,,,,,036 834 39 04
"RijFlow App NL",elpuma0077@live.nl,Microsoft,Completed | Contacted,Verified,Lead,charles@decanexusorbit.org,,None,,,M.J. Martis Rijschool,,elpuma0077@live.nl,,,,,,,None
"RijFlow App NL",info@autorijschool-kani.nl,Not Found,Bounced,,Lead,howard@decanexusorbit.org,,None,,,Rijschool Dichteren,,info@autorijschool-kani.nl,,,,,,,0314 78 54 83
"RijFlow App NL",info@edwinrutgers.nl,Other,Completed | Contacted,,Lead,austin@teranetworkbase.org,,https://www.cbr.nl/rijbewijstips,,,Rijopleiding Edwin Rutgers,,info@edwinrutgers.nl,,,,,06 19 53 89 66,,
"RijFlow App NL",amsterdam@donopleidingen.nl,Microsoft,Completed | Contacted,,Lead,charles@decanexusorbit.org,,https://www.cbr.nl/rijbewijstips,,,DON Opleidingen Amsterdam,,amsterdam@donopleidingen.nl,,,,,(0251) 22 06 08,,
"RijFlow App NL",shami@hotmail.nl,Microsoft,Completed | Contacted,Verified,Lead,charles@decanexusorbit.org,,None,,,Rijschool Shami,,shami@hotmail.nl,,,,,,,None
"RijFlow App NL",info@rijschoolaida.nl,Other,Completed | Contacted,Verified,Lead,ellie@decanexusorbit.org,,https://www.cbr.nl/rijbewijstips,,,Autorijschool "AIDA",,info@rijschoolaida.nl,,,,,(020) 363 71 86,,
"RijFlow App NL",ararijschool@live.nl,Microsoft,Completed | Contacted,Verified,Lead,ethan@allhydroonline.org,,https://www.cbr.nl/rijbewijstips,,,ArA Rijschool,,ararijschool@live.nl,,,,,06 19 53 89 66,,
"RijFlow App NL",info@rijschoolforyou.nl,Other,Completed | Reply received,Verified,Lead,hannah@teranetworkbase.org,,https://www.cbr.nl/rijbewijstips,,,Rijschool For You,,info@rijschoolforyou.nl,,,,,(0251) 22 06 08,,
"RijFlow App NL",f.nijland@hetnet.nl,Other,Completed | Contacted,Verified,Lead,ellie@decanexusorbit.org,,None,,,AGJ Nijland,,f.nijland@hetnet.nl,,,,,,,0546 86 57 96
"RijFlow App NL",info@verkeersschoolsens.nl,Other,Completed | Contacted,Verified,Lead,howard@decanexusorbit.org,,http://www.verkeersschoolsens.nl/,,,Verkeersschool Sens,,info@verkeersschoolsens.nl,,,,,,,646917711
"RijFlow App NL",d.tewarie@live.nl,Microsoft,Completed | Contacted,Verified,Lead,ellie@decanexusorbit.org,,None,,,Enotive,,d.tewarie@live.nl,,,,,,,036 537 67 89
"RijFlow App NL",maharkan01@hotmail.com,Microsoft,Completed | Contacted,Verified,Lead,ellie@decanexusorbit.org,,None,,,Autorijschool Jack,,maharkan01@hotmail.com,,,,,,,053 432 05 89
"RijFlow App NL",rijschoolmaja@hetnet.nl,Other,Completed | Contacted,Verified,Lead,charles@decanexusorbit.org,,None,,,Rijschool Maja Zmzm,,rijschoolmaja@hetnet.nl,,,,,,,020 470 22 88
"RijFlow App NL",s.ramdhan@hotmail.com,Microsoft,Completed | Contacted,Verified,Lead,ellie@decanexusorbit.org,,None,,,Flevo Drive,,s.ramdhan@hotmail.com,,,,,,,036 523 00 72
"RijFlow App NL",info@richardkaya.nl,Other,Completed | Contacted,Verified,Lead,howard@decanexusorbit.org,,http://www.richardkaya.nl/,,,Verkeersschool Richard Kaya,,info@richardkaya.nl,,,,,,,0314 35 97 59
"RijFlow App NL",info@commandeurs.nl,Other,Completed | Contacted,Verified,Lead,howard@allhydroonline.org,,https://www.cbr.nl/rijbewijstips,,,Autorijschool De Commandeurs,,info@commandeurs.nl,,,,,(0251) 24 62 05,,
"RijFlow App NL",info@lima-amsterdam.nl,Google,Completed | Contacted,Verified,Lead,charles@decanexusorbit.org,,None,,,International Driving School LIMA Amsterdam,,info@lima-amsterdam.nl,,,,,,,None
"RijFlow App NL",info@rijbewijscompany.nl,Other,Completed | Contacted,Verified,Lead,howard@decanexusorbit.org,,http://www.rijbewijscompany.nl/,,,Rijbewijs Company,,info@rijbewijscompany.nl,,,,,,,06 55 70 55 30
"RijFlow App NL",info@dicxrijschool.nl,Other,Completed | Contacted,Verified,Lead,howard@decanexusorbit.org,,https://www.cbr.nl/rijbewijstips,,,Dicx Auto- & Motorrijschool,,info@dicxrijschool.nl,,,,,(0251) 22 06 08,,
"RijFlow App NL",info@rijschooljawa.nl,Other,Completed | Contacted,Verified,Lead,charles@decanexusorbit.org,,http://www.rijschooljawa.nl/,,,Autorijschool Jawa,,info@rijschooljawa.nl,,,,,,,035 601 46 21
"RijFlow App NL",frankgeerling@gmail.com,Google,Completed | Contacted,Verified,Lead,jeremy@allhydroonline.org,,https://www.cbr.nl/rijbewijstips,,,Rijschool Frank Geerling,,frankgeerling@gmail.com,,,,,06 19 53 89 66,,
"RijFlow App NL",info@rijbewijssnel.nl,Other,Completed | Contacted,Verified,Lead,john@teranetworkbase.org,,https://www.cbr.nl/rijbewijstips,,,RijbewijsSnel.nl,,info@rijbewijssnel.nl,,,,,(0251) 22 06 08,,
"RijFlow App NL",rijopleidingen@kemp.eu,Microsoft,Completed | Contacted,Verified,Lead,howard@decanexusorbit.org,,http://www.kemp.eu/,,,KEMP Rijopleidingen B.V.,,rijopleidingen@kemp.eu,,,,,,,036 538 44 42
"RijFlow App NL",info@rijschoolmoen.nl,Other,Completed | Contacted,Verified,Lead,ellie@decanexusorbit.org,,http://www.rijschoolmoen.nl/,,,Rijschool Moen,,info@rijschoolmoen.nl,,,,,,,None
"RijFlow App NL",leffert@freeler.nl,Other,Completed | Contacted,Verified,Lead,hannah@teranetworkbase.org,,https://www.cbr.nl/rijbewijstips,,,'t Gerij,,leffert@freeler.nl,,,,,(0575) 56 50 42,,
"RijFlow App NL",khaled.allam@hotmail.com,Microsoft,Completed | Contacted,Verified,Lead,charles@decanexusorbit.org,,None,,,Rijschool BABA Allam,,khaled.allam@hotmail.com,,,,,,,020 637 45 52
"RijFlow App NL",leendertgoedegebuure@gmail.com,Google,Completed | Contacted,Verified,Lead,charles@decanexusorbit.org,,http://www.autorijschoolgoedegebuure.nl/,,,Autorijschool Leendert Goedegebuure,,leendertgoedegebuure@gmail.com,,,,,,,06 51 24 95 15
"RijFlow App NL",rijschoolamrit@live.nl,Microsoft,Completed | Contacted,,Lead,ellie@decanexusorbit.org,,http://www.amrit.nl/,,,Autorijschool Amrit,,rijschoolamrit@live.nl,,,,,,,020 615 39 02
"RijFlow App NL",mustafa73@live.nl,Microsoft,Completed | Contacted,,Lead,howard@decanexusorbit.org,,None,,,Verkeersschool M&M,,mustafa73@live.nl,,,,,,,020 614 69 60
"RijFlow App NL",hello@rijskula.nl,Other,Completed | Contacted,,Lead,ellie@decanexusorbit.org,,https://rijskula.nl/,,,Rijskula,,hello@rijskula.nl,,,,,,,088 877 6655
"RijFlow App NL",info@rijschooldinie.nl,Other,Completed | Contacted,,Lead,john@teranetworkbase.org,,https://www.cbr.nl/rijbewijstips,,,Rijschool Dinie,,info@rijschooldinie.nl,,,,,(0251) 22 06 08,,
"RijFlow App NL",info@rijschooldennis.nl,Other,Completed | Contacted,,Lead,howard@decanexusorbit.org,,https://www.cbr.nl/rijbewijstips,,,Rijschool "Dennis",,info@rijschooldennis.nl,,,,,(0251) 22 06 08,,
"RijFlow App NL",info@theoriecentrumhuizen.nl,Other,Bounced,,Lead,howard@decanexusorbit.org,,http://www.theoriecentrumhuizen.nl/,,,Verkeersopleidingen Chris van der Poel,,info@theoriecentrumhuizen.nl,,,,,,,06 41 61 55 96
"RijFlow App NL",info@rijschoolovertoom.nl,Microsoft,Completed | Contacted,,Lead,charles@decanexusorbit.org,,http://www.rijschoolovertoom.nl/,,,Rijschool Overtoom B.V.,,info@rijschoolovertoom.nl,,,,,,,020 683 04 19
"RijFlow App NL",dolffriesen@hotmail.nl,Microsoft,Completed | Contacted,,Lead,ellie@decanexusorbit.org,,http://www.autorijschooldolffriesen.nl/,,,Autorijschool Dolf Friesen,,dolffriesen@hotmail.nl,,,,,,,0314 36 39 76
"RijFlow App NL",renes.autorijschool@planet.nl,Other,Completed | Contacted,,Lead,charles@decanexusorbit.org,,None,,,Renes,,renes.autorijschool@planet.nl,,,,,,,020 693 96 24
"RijFlow App NL",gvg1@xs4all.nl,Other,Completed | Contacted,,Lead,howard@decanexusorbit.org,,http://www.autorijschoolallround.nl/,,,All-Round Auto/Motorrijschool,,gvg1@xs4all.nl,,,,,,,035 694 19 04
"RijFlow App NL",info@rijschool-quality.nl,Not Found,Bounced,,Lead,howard@allhydroonline.org,,https://www.cbr.nl/rijbewijstips,,,Auto- en motorrijschool Quality,,info@rijschool-quality.nl,,,,,(072) 540 13 45,,
"RijFlow App NL",g.tenbrinke@zonnet.nl,Other,Bounced,,Lead,ellie@decanexusorbit.org,,None,,,Autorijschool Ten Brinke,,g.tenbrinke@zonnet.nl,,,,,,,0523 23 20 04
"RijFlow App NL",info@top-drive.nl,Other,Completed | Contacted,,Lead,howard@decanexusorbit.org,,None,,,Top-Drive,,info@top-drive.nl,,,,,,,085 064 78 68
"RijFlow App NL",info@rijschoolcaland.nl,Other,Completed | Contacted,,Lead,charles@decanexusorbit.org,,http://www.rijschoolcaland.nl/,,,Auto- en Motorrijschool Caland,,info@rijschoolcaland.nl,,,,,,,020 785 5743
"RijFlow App NL",r-derksen@hetnet.nl,Other,Completed | Contacted,,Lead,ellie@decanexusorbit.org,,None,,,Algemene rijopleiding Derksen,,r-derksen@hetnet.nl,,,,,,,314666037
"RijFlow App NL",info@tomdekeizer.nl,Other,Completed | Contacted,,Lead,charles@decanexusorbit.org,,http://www.tomdekeizer.nl/,,,Tom de Keizer,,info@tomdekeizer.nl,,,,,,,075 631 05 00
"RijFlow App NL",verkeersschooledwindekinkelaar@gmail.com,Google,Completed | Contacted,,Lead,howard@decanexusorbit.org,,None,,,Edwin de Kinkelaar Verkeersschool,,verkeersschooledwindekinkelaar@gmail.com,,,,,,,0316 22 78 73
"RijFlow App NL",info@rijschoolgreen.nl,Microsoft,Completed | Contacted,,Lead,howard@decanexusorbit.org,,http://www.rijschoolgreen.nl/,,,Rijschool Green,,info@rijschoolgreen.nl,,,,,,,020 345 13 33
"RijFlow App NL",info@rijschoolrainbow.nl,Other,Completed | Contacted,,Lead,jeremy@allhydroonline.org,,https://www.cbr.nl/rijbewijstips,,,Autorijschool Rainbow,,info@rijschoolrainbow.nl,,,,,(0251) 22 06 08,,
"RijFlow App NL",info@autorijschoolayana.nl,Other,Completed | Contacted,,Lead,ellie@decanexusorbit.org,,https://www.autorijschoolayana.nl/,,,Autorijschool Ayana,,info@autorijschoolayana.nl,,,,,,,None
"RijFlow App NL",info@frankmassop.nl,Other,Completed | Contacted,,Lead,charles@decanexusorbit.org,,https://frankmassop.nl/,,,Verkeersschool Frank Massop,,info@frankmassop.nl,,,,,,,0543 52 16 09
"RijFlow App NL",larissa@easy2drive.nl,Other,Completed | Contacted,,Lead,ellie@decanexusorbit.org,,http://www.easy2drive-huizen.nl/,,,Easy2Drive Verkeersopleidingen,,larissa@easy2drive.nl,,,,,,,035 526 66 68
"RijFlow App NL",info@rijschoolproficiat.nl,Microsoft,Completed | Contacted,,Lead,howard@decanexusorbit.org,,http://www.rijschoolproficiat.nl/,,,Auto- en motorrijschool Proficiat,,info@rijschoolproficiat.nl,,,,,,,023 526 05 30
"RijFlow App NL",adri.burger@planet.nl,Other,Completed | Contacted,,Lead,charles@decanexusorbit.org,,None,,,Autorijschool A3,,adri.burger@planet.nl,,,,,,,0348563050
"RijFlow App NL",autorijschool@xs4all.nl,Other,Bounced,,Lead,ellie@decanexusorbit.org,,None,,,Autorijschool Scholten,,autorijschool@xs4all.nl,,,,,,,None
"RijFlow App NL",info@rijlesboeken.nl,Other,Completed | Contacted,,Lead,howard@decanexusorbit.org,,None,,,Rijlesboeken.nl B.V.,,info@rijlesboeken.nl,,,,,,,085 1303 688
"RijFlow App NL",info@ezendam.nl,Microsoft,Completed | Contacted,,Lead,ellie@decanexusorbit.org,,https://www.cbr.nl/rijbewijstips,,,Ezendam Rijopleidingen,,info@ezendam.nl,,,,,06 19 53 89 66,,
"RijFlow App NL",info@weeling.nl,Other,Completed | Contacted,,Lead,charles@decanexusorbit.org,,http://www.weeling.nl/,,,Autorijschool J. Weeling,,info@weeling.nl,,,,,,,020 684 97 10
"RijFlow App NL",info@rondoer.nl,Other,Completed | Contacted,,Lead,ellie@decanexusorbit.org,,None,,,Rond Oer,,info@rondoer.nl,,,,,,,0315683937
"RijFlow App NL",cplozekoot@kpnmail.nl,Other,Completed | Contacted,,Lead,howard@decanexusorbit.org,,None,,,Go-On rijschool t.h.o.d.n. NXXT,,cplozekoot@kpnmail.nl,,,,,,,036 537 59 00
"RijFlow App NL",info@rijschool5sterren.nl,Other,Completed | Contacted,,Lead,charles@decanexusorbit.org,,http://www.rijschool5sterren.nl/,,,Autorijschool 5 Sterren,,info@rijschool5sterren.nl,,,,,,,None
"RijFlow App NL",melissadietz@nxxt.nl,Microsoft,Bounced,,Lead,howard@decanexusorbit.org,,None,,,Rijschool Melissa t.h.o.d.n. NXXT,,melissadietz@nxxt.nl,,,,,,,None
"RijFlow App NL",tamercik73@hotmail.com,Microsoft,Completed | Contacted,,Lead,ellie@decanexusorbit.org,,None,,,Autorijschool Memoli,,tamercik73@hotmail.com,,,,,,,None
"RijFlow App NL",verkeersschool@leus.nl,Other,Completed | Contacted,,Lead,charles@decanexusorbit.org,,https://www.cbr.nl/rijbewijstips,,,Leus Verkeersschool B.V.,,verkeersschool@leus.nl,,,,,06 19 53 89 66,,
"RijFlow App NL",paulschwarte@nxxt.nl,Microsoft,Completed | Contacted,,Lead,charles@decanexusorbit.org,,None,,,Rijschool Paul Schwarte t.h.o.d.n. NXXT,,paulschwarte@nxxt.nl,,,,,,,None
"RijFlow App NL",ivo@voie.nl,Other,Completed | Contacted,,Lead,ellie@decanexusorbit.org,,None,,,Voie Autorijschool,,ivo@voie.nl,,,,,,,06 87 07 14 97
"RijFlow App NL",drive-youself@home.nl,Other,Bounced,,Lead,howard@decanexusorbit.org,,None,,,Drive Yourself,,drive-youself@home.nl,,,,,,,0546 800404
"RijFlow App NL",rehman0907@hotmail.com,Microsoft,Completed | Contacted,,Lead,charles@decanexusorbit.org,,None,,,Autorijschool DITTA,,rehman0907@hotmail.com,,,,,,,06 14 32 80 13
"RijFlow App NL",rijschooltonsmit@kpnmail.nl,Other,Bounced,,Lead,ellie@decanexusorbit.org,,None,,,Autorijschool Ton Smit,,rijschooltonsmit@kpnmail.nl,,,,,,,036 521 27 85
"RijFlow App NL",info@autorijschool-keppel.nl,Other,Completed | Contacted,,Lead,howard@decanexusorbit.org,,http://www.autorijschool-keppel.nl/,,,Autorijschool B.P. Keppel,,info@autorijschool-keppel.nl,,,,,,,035 683 77 67
"RijFlow App NL",verkeersschoolvoorrang@hotmail.com,Microsoft,Completed | Contacted,,Lead,charles@decanexusorbit.org,,http://www.voorrang.net/,,,Verkeersschool Voorrang,,verkeersschoolvoorrang@hotmail.com,,,,,,,072 511 02 40
"RijFlow App NL",info@rijexamenmakelaar.nl,Not Found,Bounced,,Lead,ellie@decanexusorbit.org,,http://www.rijschoolbomex.nl/,,,Rijschool Gerritsen,,info@rijexamenmakelaar.nl,,,,,,,020 737 05 67
"RijFlow App NL",info@danesh-rijschool.nl,Other,Completed | Contacted,,Lead,henry@allhydroonline.org,,https://www.cbr.nl/rijbewijstips,,,Danesh Autorijschool,,info@danesh-rijschool.nl,,,,,(0251) 22 06 08,,
"RijFlow App NL",info@lauritsen.nl,Other,Completed | Contacted,,Lead,howard@decanexusorbit.org,,http://www.lauritsen.nl/,,,L.C. Lauritsen,,info@lauritsen.nl,,,,,,,0252 67 49 94
"RijFlow App NL",martinaseegers@concepts.nl,Other,Completed | Contacted,,Lead,charles@decanexusorbit.org,,http://www.verkeersschoolmontferland.nl/,,,Verkeersschool Montferland,,martinaseegers@concepts.nl,,,,,,,None
"RijFlow App NL",ingridhilbelink@gmail.com,Google,Completed | Contacted,,Lead,howard@decanexusorbit.org,,None,,,Verkeersschool Ingrid Hilbelink,,ingridhilbelink@gmail.com,,,,,,,544378879
"RijFlow App NL",rijschooljeremy@gmail.com,Google,Completed | Contacted,,Lead,ellie@decanexusorbit.org,,None,,,Autorijschool JEREMY,,rijschooljeremy@gmail.com,,,,,,,035 772 37 50
"RijFlow App NL",info@dekinkelderrijopleidingen.nl,Other,Completed | Contacted,,Lead,charles@decanexusorbit.org,,https://dekinkelderrijopleidingen.nl/,,,Rijwijzer Verkeersscholen B.V.,,info@dekinkelderrijopleidingen.nl,,,,,,,085 06 06 113
"RijFlow App NL",rijschooltoekomst@live.nl,Microsoft,Completed | Contacted,,Lead,ellie@decanexusorbit.org,,http://www.rijschooltoekomst.nl/,,,Rijschool De Toekomst,,rijschooltoekomst@live.nl,,,,,,,None
"RijFlow App NL",info@mariannerijschool.nl,Google,Completed | Contacted,,Lead,howard@decanexusorbit.org,,http://www.mariannerijschool.nl/,,,Marianne Rijschool,,info@mariannerijschool.nl,,,,,,,035 642 42 21
"RijFlow App NL",2rralex@gmail.com,Google,Completed | Contacted,,Lead,charles@decanexusorbit.org,,http://www.2rr.nl/,,,2RR,,2rralex@gmail.com,,,,,,,06 452 396 88
"RijFlow App NL",gerritluiten@wanadoo.nl,Not Found,Bounced,,Lead,ellie@decanexusorbit.org,,None,,,Verkeersschool G.H. Luiten,,gerritluiten@wanadoo.nl,,,,,,,0543 45 19 39
"RijFlow App NL",info@rijschoolkameraad.nl,Other,Completed | Contacted,,Lead,howard@decanexusorbit.org,,None,,,Autorijschool Kameraad,,info@rijschoolkameraad.nl,,,,,,,0182 52 26 96
"RijFlow App NL",info@marissinkrijopleidingen.nl,Other,Completed | Contacted,,Lead,austin@teranetworkbase.org,,https://www.cbr.nl/rijbewijstips,,,Marissink Rijopleidingen,,info@marissinkrijopleidingen.nl,,,,,06 19 53 89 66,,
"RijFlow App NL",info@rijschool-zwakenberg.nl,Microsoft,Completed | Contacted,,Lead,ethan@allhydroonline.org,,https://www.cbr.nl/rijbewijstips,,,Auto- en Motorrijschool Leo Zwakenberg,,info@rijschool-zwakenberg.nl,,,,,06 19 53 89 66,,
"RijFlow App NL",ronaldelderhorst@hotmail.nl,Microsoft,Completed | Contacted,,Lead,charles@decanexusorbit.org,,http://www.autorijschoolelderhorst.nl/,,,Autorijschool Elderhorst,,ronaldelderhorst@hotmail.nl,,,,,,,023 562 06 46
"RijFlow App NL",moesje@moesje.nl,Other,Completed | Contacted,,Lead,howard@decanexusorbit.org,,http://www.moesje.nl/,,,Rijschool Moesje,,moesje@moesje.nl,,,,,,,None
"RijFlow App NL",info@rijschoolrotman.nl,Other,Completed | Contacted,,Lead,ellie@decanexusorbit.org,,http://www.rijschoolrotman.nl/,,,Rijschool Rotman,,info@rijschoolrotman.nl,,,,,,,0546 84 22 60
"RijFlow App NL",elouiza@live.nl,Microsoft,Completed | Contacted,,Lead,charles@decanexusorbit.org,,None,,,Autorijschool Elouiza,,elouiza@live.nl,,,,,,,None
"RijFlow App NL",info@rijschoolheemskerk.nl,Other,Completed | Contacted,,Lead,henry@allhydroonline.org,,https://www.cbr.nl/rijbewijstips,,,Rijschool Heemskerk,,info@rijschoolheemskerk.nl,,,,,(0251) 22 06 08,,
"RijFlow App NL",info@rijschoolcompany.nl,Other,Completed | Contacted,,Lead,ellie@decanexusorbit.org,,None,,,Rijschool Company,,info@rijschoolcompany.nl,,,,,,,020 260 01 05
"RijFlow App NL",hjg.lammertink@hetnet.nl,Other,Completed | Contacted,,Lead,charles@decanexusorbit.org,,http://www.rijschoolsilviakamphuis.nl/,,,Autorijschool Lammertink,,hjg.lammertink@hetnet.nl,,,,,,,06 58825173
"RijFlow App NL",egveerkamp66@gmail.com,Google,Completed | Contacted,,Lead,howard@decanexusorbit.org,,None,,,E. Veerkamp,,egveerkamp66@gmail.com,,,,,,,036 536 62 53
"RijFlow App NL",info@autorijschoolevre.nl,Other,Completed | Contacted,,Lead,john@teranetworkbase.org,,https://www.cbr.nl/rijbewijstips,,,Autorijschool Evre,,info@autorijschoolevre.nl,,,,,(033) 298 22 70,,
"RijFlow App NL",info@rijschoolvsl.nl,Other,Completed | Contacted,,Lead,ellie@decanexusorbit.org,,https://www.rijschoolvsl.nl/,,,VSL Verkeerseducatie VOF,,info@rijschoolvsl.nl,,,,,,,085303 0789
"RijFlow App NL",dudu-kilic@hotmail.com,Microsoft,Completed | Contacted,,Lead,howard@decanexusorbit.org,,https://rijschoolmetin.nl/,,,Rijschool Metin,,dudu-kilic@hotmail.com,,,,,,,023 549 16 59
"RijFlow App NL",info@rijopleidingalex.nl,Other,Completed | Contacted,,Lead,hannah@teranetworkbase.org,,https://www.cbr.nl/rijbewijstips,,,RijopleidingAlex.nl,,info@rijopleidingalex.nl,,,,,(0251) 22 06 08,,
"RijFlow App NL",info@wolf.nl,Microsoft,Completed | Contacted,,Lead,charles@decanexusorbit.org,,http://www.wolfrijbewijsshop.nl/,,,Wolf Rijbewijsshop.nl,,info@wolf.nl,,,,,,,None
"RijFlow App NL",m.halici@live.nl,Microsoft,Completed | Contacted,,Lead,ellie@decanexusorbit.org,,None,,,Autorijschool M. Halici,,m.halici@live.nl,,,,,,,035 526 85 53
"RijFlow App NL",dvermaazen@anwb-rijopleiding.nl,Other,Completed | Contacted,,Lead,howard@decanexusorbit.org,,http://www.anwb.nl/rijopleiding,,,ANWB Rijopleiding Almere Gooi en Vechtstreek,,dvermaazen@anwb-rijopleiding.nl,,,,,,,035 303 09 03
"RijFlow App NL",cihanyalcin@live.nl,Microsoft,Completed | Contacted,,Lead,charles@decanexusorbit.org,,https://www.autorijschoolelite.nl/,,,Rijschool Elite,,cihanyalcin@live.nl,,,,,,,06 26 74 47 31
"RijFlow App NL",info@rijschoolbernoharmsen.nl,Other,Completed | Contacted,,Lead,howard@allhydroonline.org,,https://www.cbr.nl/rijbewijstips,,,Rijschool Berno Harmsen,,info@rijschoolbernoharmsen.nl,,,,,06 19 53 89 66,,
"RijFlow App NL",info@verkeersschoolalkmaar.nl,Other,Completed | Contacted,,Lead,ellie@decanexusorbit.org,,http://www.verkeersschoolalkmaar.nl/,,,Verkeersschool Alkmaar,,info@verkeersschoolalkmaar.nl,,,,,,,None
"RijFlow App NL",info@evralmere.nl,Other,Completed | Contacted,,Lead,howard@decanexusorbit.org,,http://www.evralmere.nl/,,,EVR Almere,,info@evralmere.nl,,,,,,,06 14 14 14 92
"RijFlow App NL",info@automotorrijschooltop.nl,Other,Completed | Contacted,,Lead,charles@decanexusorbit.org,,http://www.topverkeersschool.nl/,,,Autorijschool Top,,info@automotorrijschooltop.nl,,,,,,,035 621 08 43
"RijFlow App NL",info@janhofman.nl,Microsoft,Completed | Contacted,,Lead,howard@decanexusorbit.org,,https://www.cbr.nl/rijbewijstips,,,De Twentse Rijopleiding,,info@janhofman.nl,,,,,06 19 53 89 66,,
"RijFlow App NL",eduardmouw@hotmail.com,Microsoft,Completed | Contacted,,Lead,austin@teranetworkbase.org,,https://www.cbr.nl/rijbewijstips,,,Autorijschool E. Mouw,,eduardmouw@hotmail.com,,,,,06 19 53 89 66,,
"RijFlow App NL",ars.marhaba@live.nl,Microsoft,Completed | Contacted,,Lead,ellie@decanexusorbit.org,,None,,,Rijschool MARHABA,,ars.marhaba@live.nl,,,,,,,020 893 84 37
"RijFlow App NL",rob@rijschoolfolkers.nl,Other,Completed | Contacted,,Lead,charles@decanexusorbit.org,,http://www.rijschoolfolkers.nl/,,,Autorijschool Folkers,,rob@rijschoolfolkers.nl,,,,,,,035 524 42 62
"RijFlow App NL",info@autorijschoolgooijer.nl,Other,Completed | Contacted,,Lead,howard@decanexusorbit.org,,http://www.autorijschoolgooijer.nl/,,,Autorijschool Gooijer,,info@autorijschoolgooijer.nl,,,,,,,06 23 34 30 58
"RijFlow App NL",hetty.zeeman@zonnet.nl,Other,Completed | Contacted,,Lead,charles@decanexusorbit.org,,None,,,Autorijschool H.N.A. Zeeman,,hetty.zeeman@zonnet.nl,,,,,,,0174 51 65 49
"RijFlow App NL",info@verkeersschoollemaire.nl,Other,Completed | Contacted,,Lead,ellie@decanexusorbit.org,,https://verkeersschoollemaire.nl/,,,Verkeersschool Lemaire,,info@verkeersschoollemaire.nl,,,,,,,0314 366 696
"RijFlow App NL",info@autorijschooljozz.nl,Other,Completed | Contacted,,Lead,charles@decanexusorbit.org,,https://www.cbr.nl/rijbewijstips,,,Autorijschool Jozz,,info@autorijschooljozz.nl,,,,,(0251) 22 06 08,,
"RijFlow App NL",info@autorijschoolkemperman.nl,Other,Completed | Contacted,,Lead,howard@decanexusorbit.org,,None,,,Autorijschool Kemperman,,info@autorijschoolkemperman.nl,,,,,,,0316529531
"RijFlow App NL",info@nelen.nl,Microsoft,Completed | Contacted,,Lead,ellie@decanexusorbit.org,,http://www.nelen.nl/,,,Verkeersschool Nelen B.V.,,info@nelen.nl,,,,,,,None
"RijFlow App NL",welkom@autorijschoolbast.nl,Google,Completed | Contacted,,Lead,howard@decanexusorbit.org,,None,,,Autorijschool Bast,,welkom@autorijschoolbast.nl,,,,,,,None
"RijFlow App NL",info@avoweb.nl,Other,Completed | Contacted,,Lead,charles@decanexusorbit.org,,http://www.avoweb.nl/,,,Amsterdamse Verkeersopleidingen,,info@avoweb.nl,,,,,,,0202601300
"RijFlow App NL",roosinkrijinstructie@gmail.com,Google,Completed | Contacted,,Lead,ellie@decanexusorbit.org,,None,,,Roosink Rij-instructie,,roosinkrijinstructie@gmail.com,,,,,,,0548543507
"RijFlow App NL",info@verkeersschooladam-eva.nl,Microsoft,Completed | Contacted,,Lead,jeremy@allhydroonline.org,,https://www.cbr.nl/rijbewijstips,,,Autorijschool "Adam En Eva",,info@verkeersschooladam-eva.nl,,,,,(072) 571 58 71,,
"RijFlow App NL",rijbewijs@hoefijzer.info,Other,Completed | Contacted,,Lead,charles@decanexusorbit.org,,http://www.hoefijzer.info/,,,Auto- en Motorrijschool 't Hoefijzer,,rijbewijs@hoefijzer.info,,,,,,,033 246 55 07
"RijFlow App NL",info@rijschoolvanvoorst.nl,Other,Completed | Contacted,,Lead,howard@decanexusorbit.org,,http://www.rijschoolvanvoorst.nl/,,,Rijschool Van Voorst,,info@rijschoolvanvoorst.nl,,,,,,,None
"RijFlow App NL",mailino@hotmail.com,Microsoft,Completed | Contacted,,Lead,ellie@decanexusorbit.org,,None,,,Autorijschool Inter,,mailino@hotmail.com,,,,,,,06 51 73 57 83
"RijFlow App NL",rijschoolabrari@hotmail.com,Microsoft,Bounced,,Lead,howard@decanexusorbit.org,,None,,,Driving School Amsterdam,,rijschoolabrari@hotmail.com,,,,,,,020 610 46 36
"RijFlow App NL",info@rijschoolkrijnsen.nl,Other,Completed | Contacted,,Lead,charles@decanexusorbit.org,,http://www.rijschoolkrijnsen.nl/,,,Rijschool Krijnsen,,info@rijschoolkrijnsen.nl,,,,,,,0226 72 22 02
"RijFlow App NL",info@rem-go.nl,Microsoft,Completed | Contacted,,Lead,ellie@decanexusorbit.org,,http://www.rem-go.nl/,,,Rem & Go,,info@rem-go.nl,,,,,,,None
"RijFlow App NL",joriaalsmeer@gmail.com,Google,Completed | Contacted,,Lead,howard@decanexusorbit.org,,None,,,Autorijschool Jori,,joriaalsmeer@gmail.com,,,,,,,0297 34 29 28
"RijFlow App NL",info@1basis.nl,Other,Completed | Contacted,,Lead,charles@decanexusorbit.org,,http://www.rijschool1basis.nl/,,,1BASIS,,info@1basis.nl,,,,,,,085 130 46 38
"RijFlow App NL",info@bruinsma.nl,Microsoft,Completed | Contacted,,Lead,howard@decanexusorbit.org,,http://www.bruinsma.nl/,,,Bruinsma Verkeersopleidingen,,info@bruinsma.nl,,,,,,,None
"RijFlow App NL",rijschool@bezemerabr.nl,Other,Completed | Contacted,,Lead,ellie@decanexusorbit.org,,http://www.bezemerabr.nl/,,,Autorijschool Bezemer ABR,,rijschool@bezemerabr.nl,,,,,,,035 533 95 71
"RijFlow App NL",abreinders@kpnplanet.nl,Other,Completed | Contacted,,Lead,charles@decanexusorbit.org,,None,,,Rijopleiding Coach,,abreinders@kpnplanet.nl,,,,,,,None
"RijFlow App NL",info@rijbewijsexpress.nl,Other,Completed | Contacted,,Lead,ellie@decanexusorbit.org,,https://www.cbr.nl/rijbewijstips,,,RijbewijsExpress,,info@rijbewijsexpress.nl,,,,,(0251) 22 06 08,,
"RijFlow App NL",rijschoolterpstra@ziggo.nl,Other,Completed | Contacted,,Lead,ellie@decanexusorbit.org,,None,,,Rijschool Terpstra,,rijschoolterpstra@ziggo.nl,,,,,,,0228518415
"RijFlow App NL",rene@autorijschoolboswinkel.nl,Other,Completed | Contacted,,Lead,charles@decanexusorbit.org,,http://www.autorijschoolboswinkel.nl/,,,Autorijschool Boswinkel,,rene@autorijschoolboswinkel.nl,,,,,,,053 477 45 82
"RijFlow App NL",info@autorijschooljezuvis.nl,Other,Completed | Contacted,,Lead,howard@decanexusorbit.org,,https://www.autorijschooljezuvis.nl/,,,Jezuvis,,info@autorijschooljezuvis.nl,,,,,,,0365 25 05 02
"RijFlow App NL",auto-ecole@zonnet.nl,Other,Completed | Contacted,,Lead,ellie@decanexusorbit.org,,None,,,Auto-Ecole,,auto-ecole@zonnet.nl,,,,,,,0294 43 02 44
"RijFlow App NL",info@rijschooldewitt.nl,Other,Completed | Contacted,,Lead,howard@decanexusorbit.org,,None,,,Autorijschool de Witt,,info@rijschooldewitt.nl,,,,,,,026 312 03 34
"RijFlow App NL",info@stormverkeersopleidingen.nl,Microsoft,Completed | Contacted,,Lead,charles@decanexusorbit.org,,http://www.stormverkeersopleidingen.nl/,,,Storm Verkeersopleidingen,,info@stormverkeersopleidingen.nl,,,,,,,0251 67 11 85
"RijFlow App NL",dhalil.souisay@gmail.com,Google,Completed | Contacted,,Lead,charles@decanexusorbit.org,,None,,,De Rij Praktijk,,dhalil.souisay@gmail.com,,,,,,,0207891235
"RijFlow App NL",r.duster@chello.nl,Other,Completed | Contacted,,Lead,ellie@decanexusorbit.org,,None,,,R.F.R. Düster,,r.duster@chello.nl,,,,,,,020 612 67 34
"RijFlow App NL",g.mahmood@live.com,Microsoft,Completed | Contacted,,Lead,howard@decanexusorbit.org,,None,,,Autorijschool Mughal,,g.mahmood@live.com,,,,,,,06 46 91 60 29
"RijFlow App NL",rijschool.dekker@planet.nl,Other,Bounced,,Lead,howard@decanexusorbit.org,,None,,,Auto- en Motorrijschool Dekker,,rijschool.dekker@planet.nl,,,,,,,0548 61 20 57
"RijFlow App NL",info@dorinevanderwillik.nl,Microsoft,Completed | Contacted,,Lead,ellie@decanexusorbit.org,,http://www.dorinevanderwillik.nl/,,,Autorijschool 'Dorine van der Willik',,info@dorinevanderwillik.nl,,,,,,,0187 49 35 69
"RijFlow App NL",info@rijschoolatlas.nl,Other,Completed | Contacted,,Lead,ellie@decanexusorbit.org,,https://www.cbr.nl/rijbewijstips,,,Autorijschool Atlas,,info@rijschoolatlas.nl,,,,,(072) 512 76 60,,
"RijFlow App NL",info@serona.nl,Other,Completed | Contacted,,Lead,charles@decanexusorbit.org,,None,,,Autorijschool Serona Citydrive,,info@serona.nl,,,,,,,0104382833
"RijFlow App NL",info@jacgroot.nl,Other,Completed | Contacted,,Lead,howard@decanexusorbit.org,,https://www.cbr.nl/rijbewijstips,,,Jac Groot Auto- en Motorrijschool v.o.f.,,info@jacgroot.nl,,,,,(0251) 22 06 08,,
"RijFlow App NL",marcelkluft@zonnet.nl,Other,Bounced,,Lead,charles@decanexusorbit.org,,https://www.cbr.nl/rijbewijstips,,,Marcel Kluft,,marcelkluft@zonnet.nl,,,,,(0251) 22 06 08,,
"RijFlow App NL",holland_karim@yahoo.com,Yahoo,Completed | Contacted,,Lead,ellie@decanexusorbit.org,,https://www.cbr.nl/rijbewijstips,,,Autorijschool Dunya,,holland_karim@yahoo.com,,,,,06 19 53 89 66,,
"RijFlow App NL",info@verkeersschoolebbers.nl,Other,Completed | Contacted,,Lead,howard@decanexusorbit.org,,https://www.cbr.nl/rijbewijstips,,,Autorijschool Ebbers,,info@verkeersschoolebbers.nl,,,,,06 19 53 89 66,,
"RijFlow App NL",info@rijschool-joke.nl,Microsoft,Completed | Contacted,,Lead,charles@decanexusorbit.org,,https://www.cbr.nl/rijbewijstips,,,Rijschool Joke V.O.F.,,info@rijschool-joke.nl,,,,,06 19 53 89 66,,
"RijFlow App NL",verkeersschool@temorsche.nl,Other,Completed | Contacted,,Lead,howard@decanexusorbit.org,,https://www.cbr.nl/rijbewijstips,,,Autobedrijf te Morsche V.O.F.,,verkeersschool@temorsche.nl,,,,,06 19 53 89 66,,
"RijFlow App NL",info@rijschoolemmanuel.nl,Not Found,Completed | Contacted,,Lead,ellie@decanexusorbit.org,,https://www.cbr.nl/rijbewijstips,,,Rijschool Emmanuel,,info@rijschoolemmanuel.nl,,,,,06 19 53 89 66,,
"RijFlow App NL",info@rijschoolbima.com,Other,Completed | Contacted,,Lead,charles@decanexusorbit.org,,https://www.cbr.nl/rijbewijstips,,,Rijschool BiMa,,info@rijschoolbima.com,,,,,(0251) 22 06 08,,
"RijFlow App NL",rijschoolbibros@gmail.com,Google,Bounced,,Lead,charles@decanexusorbit.org,,https://www.cbr.nl/rijbewijstips,,,Autorijschool Bidros,,rijschoolbibros@gmail.com,,,,,06 19 53 89 66,,
"RijFlow App NL",info@alblas.net,Microsoft,Completed | Contacted,,Lead,ellie@decanexusorbit.org,,https://www.cbr.nl/rijbewijstips,,,Alblas Verkeersschool,,info@alblas.net,,,,,None,,
"RijFlow App NL",info@hartemink.nl,Microsoft,Completed | Contacted,,Lead,howard@decanexusorbit.org,,https://www.cbr.nl/rijbewijstips,,,Hartemink Verkeersopleidingen B.V.,,info@hartemink.nl,,,,,06 19 53 89 66,,
"RijFlow App NL",info@rijschoolgroenland.nl,Microsoft,Completed | Contacted,,Lead,howard@decanexusorbit.org,,https://www.cbr.nl/rijbewijstips,,,Autorijschool Groenland,,info@rijschoolgroenland.nl,,,,,(0251) 22 06 08,,
"RijFlow App NL",info@autorijschoolvanderiet.nl,Other,Completed | Contacted,,Lead,charles@decanexusorbit.org,,https://www.cbr.nl/rijbewijstips,,,Autorijschool Van de Riet,,info@autorijschoolvanderiet.nl,,,,,06 19 53 89 66,,
"RijFlow App NL",neha-autorijschool@hotmail.com,Microsoft,Completed | Contacted,,Lead,ellie@decanexusorbit.org,,https://www.cbr.nl/rijbewijstips,,,Neha Autorijschool,,neha-autorijschool@hotmail.com,,,,,(0251) 22 06 08,,
"RijFlow App NL",ferry@ferraririjden.nl,Other,Completed | Contacted,,Lead,ellie@decanexusorbit.org,,https://www.cbr.nl/rijbewijstips,,,A.A.T. Rijschool Magielse,,ferry@ferraririjden.nl,,,,,0653412544,,
"RijFlow App NL",rijschool@onbeperktinbeweging.nl,Other,Completed | Contacted,,Lead,howard@decanexusorbit.org,,https://www.cbr.nl/rijbewijstips,,,Autorijschool 'Onbeperkt In Beweging',,rijschool@onbeperktinbeweging.nl,,,,,None,,
"RijFlow App NL",info@rijschoolalphenaar.nl,Other,Completed | Contacted,,Lead,charles@decanexusorbit.org,,https://www.cbr.nl/rijbewijstips,,,Rijschool Alphenaar,,info@rijschoolalphenaar.nl,,,,,(0251) 22 06 08,,
"RijFlow App NL",tamererdal@hotmail.com,Microsoft,Completed | Contacted,,Lead,charles@decanexusorbit.org,,https://www.cbr.nl/rijbewijstips,,,Rijschool Erdal Tamer,,tamererdal@hotmail.com,,,,,06 19 53 89 66,,
"RijFlow App NL",gemmavolmer@hotmail.com,Microsoft,Completed | Contacted,,Lead,ellie@decanexusorbit.org,,https://www.cbr.nl/rijbewijstips,,,Autorijschool Gemma Volmer,,gemmavolmer@hotmail.com,,,,,06 19 53 89 66,,
"RijFlow App NL",furat99@live.nl,Microsoft,Completed | Contacted,,Lead,howard@decanexusorbit.org,,https://www.cbr.nl/rijbewijstips,,,A9 Autorijschool,,furat99@live.nl,,,,,(072) 562 33 24,,
"RijFlow App NL",info@autorijschoolhoogeboom.nl,Other,Completed | Contacted,,Lead,howard@decanexusorbit.org,,https://www.cbr.nl/rijbewijstips,,,Autorijschool Hoogeboom,,info@autorijschoolhoogeboom.nl,,,,,(0251) 22 06 08,,
"RijFlow App NL",rijschooljonker@hotmail.com,Microsoft,Completed | Contacted,,Lead,charles@decanexusorbit.org,,https://www.cbr.nl/rijbewijstips,,,Rijschool Jonker,,rijschooljonker@hotmail.com,,,,,06 19 53 89 66,,
"RijFlow App NL",pieterbas@xs4all.nl,Other,Completed | Contacted,,Lead,ellie@decanexusorbit.org,,https://www.cbr.nl/rijbewijstips,,,Autorijschool Van der Weijden,,pieterbas@xs4all.nl,,,,,(0251) 22 06 08,,
"RijFlow App NL",info@succesopweg.nl,Other,Completed | Contacted,,Lead,howard@decanexusorbit.org,,https://www.cbr.nl/rijbewijstips,,,Autorijschool Succes op Weg,,info@succesopweg.nl,,,,,(0251) 22 06 08,,
"RijFlow App NL",info@rijless.nl,Other,Completed | Contacted,,Lead,ellie@decanexusorbit.org,,https://www.cbr.nl/rijbewijstips,,,RijLess.nl,,info@rijless.nl,,,,,(0251) 22 06 08,,
"RijFlow App NL",mirjanvanwijk@live.nl,Microsoft,Completed | Contacted,,Lead,charles@decanexusorbit.org,,https://www.cbr.nl/rijbewijstips,,,"Autorijschool De Snelweg" (A.L. Dijkhuis),,mirjanvanwijk@live.nl,,,,,06 50 22 85 68,,
"RijFlow App NL",rijschoolronpeters@home.nl,Other,Bounced,,Lead,ellie@decanexusorbit.org,,https://www.cbr.nl/rijbewijstips,,,Autorijschool Ron Peters,,rijschoolronpeters@home.nl,,,,,06 19 53 89 66,,
"RijFlow App NL",info@rijschoolcleopatra.nl,Other,Completed | Contacted,,Lead,charles@decanexusorbit.org,,https://www.cbr.nl/rijbewijstips,,,Rijschool Cleopatra VOF,,info@rijschoolcleopatra.nl,,,,,(0251) 22 06 08,,
"RijFlow App NL",verkoop@agere.nl,Microsoft,Completed | Contacted,,Lead,howard@decanexusorbit.org,,https://www.cbr.nl/rijbewijstips,,,Agere Opleidingen B.V.,,verkoop@agere.nl,,,,,(0546) 563 050,,
"RijFlow App NL",info@rijschooldelfin.nl,Other,Completed | Contacted,,Lead,ellie@decanexusorbit.org,,https://www.cbr.nl/rijbewijstips,,,Rijschool Delfin VOF,,info@rijschooldelfin.nl,,,,,(0251) 22 06 08,,
"RijFlow App NL",gulkahraman@hotmail.com,Microsoft,Completed | Contacted,,Lead,charles@decanexusorbit.org,,https://www.cbr.nl/rijbewijstips,,,Autorijschool Gülay,,gulkahraman@hotmail.com,,,,,(0251) 22 06 08,,
"RijFlow App NL",seine@rij-advies.nl,Microsoft,Completed | Contacted,,Lead,howard@decanexusorbit.org,,https://www.cbr.nl/rijbewijstips,,,Edwin Broers t.h.o.d.n. NXXT,,seine@rij-advies.nl,,,,,06 19 53 89 66,,
"RijFlow App NL",info@rijtechnologie.nl,Other,Completed | Contacted,,Lead,ellie@decanexusorbit.org,,https://www.cbr.nl/rijbewijstips,,,Autorijschool Rijtechnologie,,info@rijtechnologie.nl,,,,,06 19 53 89 66,,
"RijFlow App NL",info@rijschoolbianca.nl,Other,Completed | Contacted,,Lead,howard@decanexusorbit.org,,https://www.cbr.nl/rijbewijstips,,,Rijschool Bianca,,info@rijschoolbianca.nl,,,,,06 19 53 89 66,,
"RijFlow App NL",cakmak_1966@hotmail.com,Microsoft,Completed | Contacted,,Lead,charles@decanexusorbit.org,,https://www.cbr.nl/rijbewijstips,,,Autorijschool de Toekomst,,cakmak_1966@hotmail.com,,,,,023-5400447,,
"RijFlow App NL",info@rijschoolflydrive.nl,Other,Completed | Contacted,,Lead,ellie@decanexusorbit.org,,https://www.cbr.nl/rijbewijstips,,,Rijschool Fly & Drive,,info@rijschoolflydrive.nl,,,,,(0251) 22 06 08,,
"RijFlow App NL",ugurel62@hotmail.com,Microsoft,Completed | Contacted,,Lead,howard@decanexusorbit.org,,https://www.cbr.nl/rijbewijstips,,,Autorijschool Ugurel,,ugurel62@hotmail.com,,,,,06 19 53 89 66,,
"RijFlow App NL",info@autorijschoolkick.nl,Microsoft,Completed | Contacted,,Lead,charles@decanexusorbit.org,,https://www.cbr.nl/rijbewijstips,,,Autorijschool Kick,,info@autorijschoolkick.nl,,,,,(0251) 22 06 08,,
"RijFlow App NL",peterbrunninkhuis@home.nl,Other,Bounced,,Lead,howard@decanexusorbit.org,,https://www.cbr.nl/rijbewijstips,,,Autorijschool Brunninkhuis,,peterbrunninkhuis@home.nl,,,,,06 19 53 89 66,,
"RijFlow App NL",info@lesgo.nl,Other,Completed | Contacted,,Lead,charles@decanexusorbit.org,,https://www.cbr.nl/rijbewijstips,,,LesGo B.V.,,info@lesgo.nl,,,,,(0251) 22 06 08,,
"RijFlow App NL",amsterdam@anwb-rijopleiding.nl,Other,Completed | Contacted,,Lead,ellie@decanexusorbit.org,,https://www.cbr.nl/rijbewijstips,,,ANWB Rijopleidingen,,amsterdam@anwb-rijopleiding.nl,,,,,None,,
"RijFlow App NL",maupiecali@gmail.com,Google,Completed | Contacted,,Lead,howard@decanexusorbit.org,,https://www.cbr.nl/rijbewijstips,,,Autorijschool Maupie,,maupiecali@gmail.com,,,,,(0251) 22 06 08,,
"RijFlow App NL",hermen@rijschoolhermen.nl,Microsoft,Completed | Contacted,,Lead,ellie@decanexusorbit.org,,https://www.cbr.nl/rijbewijstips,,,Rijschool Hermen,,hermen@rijschoolhermen.nl,,,,,06 19 53 89 66,,
"RijFlow App NL",info@rijschooldebroers.nl,Other,Completed | Contacted,,Lead,charles@decanexusorbit.org,,https://www.cbr.nl/rijbewijstips,,,Rijschool De Broers,,info@rijschooldebroers.nl,,,,,(0251) 22 06 08,,
"RijFlow App NL",info@rijschoolelite.nl,Microsoft,Completed | Contacted,,Lead,howard@decanexusorbit.org,,https://www.cbr.nl/rijbewijstips,,,Autorijschool Elite,,info@rijschoolelite.nl,,,,,(072) 511 61 43,,
"RijFlow App NL",autorijschoolsarkis@gmail.com,Google,Completed | Contacted,,Lead,ellie@decanexusorbit.org,,https://www.cbr.nl/rijbewijstips,,,Autorijschool Sarkis,,autorijschoolsarkis@gmail.com,,,,,06 19 53 89 66,,
"RijFlow App NL",info@mjrijschool.nl,Other,Completed | Contacted,,Lead,charles@decanexusorbit.org,,https://www.cbr.nl/rijbewijstips,,,MJ-rijschool,,info@mjrijschool.nl,,,,,(0251) 22 06 08,,
"RijFlow App NL",koos@rijschoolkoosbos.nl,Google,Completed | Contacted,,Lead,ellie@decanexusorbit.org,,https://www.cbr.nl/rijbewijstips,,,Rijschool Koos Bos,,koos@rijschoolkoosbos.nl,,,,,06 19 53 89 66,,
"RijFlow App NL",info@autorijschoolcoach.nl,Other,Completed | Contacted,,Lead,charles@decanexusorbit.org,,https://www.cbr.nl/rijbewijstips,,,Autorijschool Coach,,info@autorijschoolcoach.nl,,,,,06 48 68 08 28,,
