RijschoolNaam, Telefoonnummer, Email, Website
A.A.T. Rijschool Magielse,0653412544,ferry@ferraririjden.nl,http://www.ferryferrari.nl/
A9 Autorijschool,072 562 33 24,furat99@live.nl,None
Aero Star,0251 65 22 44,j.hansen@aerostar.nl,None
Alblas Verkeersschool,None,info@alblas.net,http://www.alblas.net/
ANWB Rijopleidingen,None,amsterdam@anwb-rijopleiding.nl,http://www.anwb-rijopleiding.nl/
Auto- en motorrijschool Quality,072 540 13 45,info@rijschool-quality.nl,http://www.rijquality.nl/
Autorijschool Adam En Eva,072 571 58 71,info@verkeersschooladam-eva.nl,http://www.adam-eva.nl/
Autorijschool AIDA,020 363 71 86,info@rijschoolaida.nl,http://www.rijschoolaida.nl/
Autorijschool 'Onbeperkt In Beweging',None,rijschool@onbeperktinbeweging.nl,http://www.onbeperktinbeweging.nl/
Autorijschool Atlas,072 512 76 60,info@rijschoolatlas.nl,http://www.rijschoolatlas.nl/
Autorijschool Coach,06 48 68 08 28,info@autorijschoolcoach.nl,http://www.autorijschoolcoach.nl/
Autorijschool De Commandeurs,0251 24 62 05,info@commandeurs.nl,None
Autorijschool de Toekomst,0235400447,cakmak_1966@hotmail.com,None
Autorijschool Dijkman VOF,,https://rijschooldijkman.nl/,None
Autorijschool Elite,072 511 61 43,info@rijschoolelite.nl,http://www.rijschoolelite.nl/
Autorijschool Evre,033 298 22 70,info@autorijschoolevre.nl,http://www.autorijschoolevre.nl/
Autorijschool Goedhart,None,info@autorijschoolgoedhart.nl,http://www.autorijschoolgoedhart.nl/
Autorijschool Groenland,0251 22 06 08,info@rijschoolgroenland.nl,https://www.rijschoolgroenland.nl/
Autorijschool Gülay,0251 31 78 67,gulkahraman@hotmail.com,None
Autorijschool Hoogeboom,0226 39 3038,info@autorijschoolhoogeboom.nl,http://www.autorijschoolhoogeboom.nl/
Autorijschool Joost Huijgens,0251 25 46 44,JOOSTHUIJGENSHOTMAIL.COM,http://www.joosthuijgens.nl/
Autorijschool Jozz,0251 65 04 01,info@autorijschooljozz.nl,None
Autorijschool Kick,None,info@autorijschoolkick.nl,http://www.autorijschoolkick.nl/
Autorijschool Martin Post,0255 53 47 02,martin.post@hetnet.nl,None
Autorijschool Maupie,0625339490,maupiecali@gmail.com,None
Autorijschool NEDA,None,p.selakovic@hotmail.com,None
Autorijschool Rainbow,0251 22 63 08,info@rijschoolrainbow.nl,http://www.rijschoolrainbow.nl/
Autorijschool Succes op Weg,072 74 35 837,info@succesopweg.nl,https://www.succesopweg.nl/
Autorijschool Van der Weijden,06 46 04 82 13,pieterbas@xs4all.nl,http://www.autorijschoolvanderweijden.nl/
Danesh Autorijschool,06 16 11 88 21,info@danesh-rijschool.nl,None
Dicx Auto- & Motorrijschool,None,info@dicxrijschool.nl,http://www.dicxrijschool.nl/
DON Opleidingen Amsterdam,088 77 04 200,amsterdam@donopleidingen.nl,https://donopleidingen.nl/
DON Opleidingen Naaldwijk B.V.,088 77 04 200,info@donopleidingen.nl,http://www.donopleidingen.nl/
Jac Groot Auto- en Motorrijschool v.o.f.,072 505 13 06,info@jacgroot.nl,http://www.jacgroot.nl/
LesGo B.V.,06 13 84 23 02,info@lesgo.nl,http://www.lesgo.nl/
Marcel Kluft,0251 23 85 72,marcelkluft@zonnet.nl,http://www.marcelkluft.nl/
MJ-rijschool,072  220 0769,info@mjrijschool.nl,http://www.mjrijschool.nl/
Neha Autorijschool,020 771 97 17,neha-autorijschool@hotmail.com,http://www.rijschool-neha.nl/
RijbewijsExpress,0725317416,info@rijbewijsexpress.nl,http://www.rijbewijsexpress.nl/
RijbewijsSnel.nl,020 771 50 23,info@rijbewijssnel.nl,http://www.rijbewijssnel.nl/
RijLess.nl,None,info@rijless.nl,None
RijopleidingAlex.nl,0255 51 94 54,info@rijopleidingAlex.nl,http://www.rijopleidingalex.nl/
Rijschool Dennis,0251 31 21 17,info@rijschooldennis.nl,http://www.rijschooldennis.nl/
Aanhangerrijschool Wilfried Wekking,053 435 43 41,C.WEKKING@12MOVE.NL,None
Appie Rijschool,06 14 98 79 99,info@autorijschoolappie.nl,http://www.autorijschoolappie.nl/
Autorijschool Boswinkel,053 477 45 82,rene@autorijschoolboswinkel.nl,http://www.autorijschoolboswinkel.nl/
Autorijschool Heskamp,053 432 73 21,j.heskamp@hetnet.nl,http://www.josheskamp.nl/
Autorijschool Het Oosterveld,None,jaf_kurd@live.nl,None
Autorijschool Jack,053 432 05 89,maharkan01@hotmail.com,None
Autorijschool Kara,053 432 36 54,ad@adkara.demon.nl,None
Autorijschool Nisa,053 432 42 49,nisa_gul1@hotmail.com,None
Autorijschool Rijtechnologie,074 243 55 73,info@rijtechnologie.nl,https://rijtechnologie.nl/
Autorijschool Succes,053 433 46 01,RBIRCAN@HOTMAIL.COM,None
Autorijschool van Dalm,074 291 82 00,info@vandalm.nl,http://www.vandalm.nl/
B. Van Der Sluis,053 432 92 92,boudewijn.vandersluis@kpnplanet.nl,http://www.autorijschoolvandersluis.nl/
De Rijopleider B.V.,None,info@derijopleider.nl,http://www.derijopleider.nl/
Eurodrive,053 434 30 60,rijschooleurodrive@msn.com,None
Ezendam Rijopleidingen,074 367 63 33,info@ezendam.nl,http://www.ezendam.nl/
Homeijer A.,053 433 64 66,jamie@home.nl,http://www.homeijer.nl/
Nandpersad Rijschool,06 43 00 14 10,pnandpersad@home.nl,None
R-Drive,None,rijschoolr-drive@outlook.com,None
Richard Fluttert,074 243 43 17,info@rijschoolfluttert.nl,http://www.rijschoolfluttert.nl/
Rijschool AZ TU,053 476 01 16,RIJSCHOOLAZTU@PLANET.NL,None
Rijschool Erdal Tamer,074 291 21 24,tamererdal@hotmail.com,None
Rijschool Frederiks,06 307 066 34,thomasfrederiks0@gmail.com,https://rijschoolfrederiks.com/
Rijschool Rishen,053 476 24 90,rjagai@hotmail.nl,None
Stichting Revalidatiecentrum Roessingh,053 487 5356,rijschool@roessingh.nl,https://www.roessingh.nl/
V.O.F. Autorijschool Lakerink,053 435 65 33,info@rijschoollakerink.nl,None
Verkeersschool Brookhuis,None,info@brookhuisverkeersschool.nl,http://www.brookhuisverkeersschool.nl/
ANWB Rijopleiding de Kleijnen,070 366 18 18,rijswijk@anwb-rijopleiding.nl,http://www.anwb-rijopleiding.nl/
Auto- en Motorrijschool Marcel Knoop,0180 31 30 69,rijschool@marcelknoop.nl,http://www.marcelknoop.nl/
Autorijschool Eminent,010 456 33 54,autorijschooleminent@hotmail.com,None
Autorijschool Rijnland B.V.,0172 47 38 15,rijschool-digi@ziggo.nl,http://www.rijschoolrijnland.nl/
Autorijschool Tuls,0348 55 30 83,wim_tuls@tele2.nl,None
Autorijschool A. Sahin,None,info@sahinrijschool.nl,http://www.sahinrijschool.nl/
Autorijschool A3,0348563050,adri.burger@planet.nl,None
Autorijschool B.J. van Staveren,0180 68 18 22,vanstaveren73@live.nl,None
Autorijschool Dick Plagmeijer,0172 51 82 90,info@autorijschoolplagmeijer.nl,http://www.autorijschoolplagmeijer.nl/
Autorijschool Elouiza,None,elouiza@live.nl,None
Autorijschool G. van Driel,0182 37 06 75,info@autorijles.nu,http://www.autorijles.nu/
Autorijschool Gouwe,0182 52 27 04,autorijschoolgouwe@versatel.nl,None
Autorijschool Inter,06 51 73 57 83,mailino@hotmail.com,None
Autorijschool J. v. Asselt v.o.f.,0172 47 01 99,info@autorijschoolvanasselt.nl,None
Autorijschool Kameraad,0182 52 26 96,info@rijschoolkameraad.nl,None
Autorijschool Lagrouw,0182 61 25 19,info@rijschoollagrouw.nl,http://www.rijschoollagrouw.nl/
Autorijschool Leendert Goedegebuure,06 51 24 95 15,leendertgoedegebuure@gmail.com,http://www.autorijschoolgoedegebuure.nl/
Agere Opleidingen B.V.,0546 563 050,verkoop@agere.nl,https://www.agere.nl/
Autorijschool Lammertink,06 58825173,hjg.lammertink@hetnet.nl,http://www.rijschoolsilviakamphuis.nl/
Autorijschool Ron Peters,0546 82 96 77,rijschoolronpeters@home.nl,None
Autorijschool Sarkis,0546 82 87 67,autorijschoolsarkis@gmail.com,None
Autorijschool Ten Brinke,0523 23 20 04,g.tenbrinke@zonnet.nl,None
Autorijschool Ugurel,0546 82 77 01,ugurel62@hotmail.com,None
Autorijschool Van de Riet,0546785350,info@autorijschoolvanderiet.nl,None
Drive Yourself,0546 800404,drive-youself@home.nl,None
Firma Autorijschool Relker,0547 36 16 16,relker@relker.nl,http://www.relker.nl/
Rijschool Ingrid Abbink,0546 69 70 36,g.schooten1@kpnplanet.nl,None
Rijschool Joke V.O.F.,0547 36 27 50,info@rijschool-joke.nl,http://www.rijschool-joke.nl/
Rijschool Jonker,None,rijschooljonker@hotmail.com,http://www.rijschooljonker.nl/
Rijschool Koos Bos,0546811659,koos@rijschoolkoosbos.nl,https://rijschoolkoosbos.nl/
Rijschool Lansink,0546 81 53 09,info@rijschool-guidolansink.nl,http://www.rijschool-guidolansink.nl/
Rijschool Ligtenberg,0523 27 08 78,info@rijschoolligtenberg.nl,http://www.rijschoolligtenberg.nl/
Rijschool Nijmeijer,0548624176,info@rijschoolnijmeijer.nl,None
Rijschool Preuter/Era Eerste Rijssense Autorijschool,0548 51 54 98,rijjschoolpreuter@live.nl,None
Rijschool Rotman,0546 84 22 60,info@rijschoolrotman.nl,http://www.rijschoolrotman.nl/
Rijschool Sanna,0548 62 10 90,info@rijschoolsanna.nl,None
Rijschool van der Vinne,052 326 55 21,info@rijschoolvandervinne.nl,http://www.rijschoolvandervinne.nl/
Rijschool Wolters,06 24 68 79 89,info@rijschoolwolters.nl,https://www.rijschoolwolters.nl/
Rohof Verkeersopleidingen,None,info@rohofverkeersopleidingen.nl,None
Roosink Rij-instructie,0548543507,roosinkrijinstructie@gmail.com,None
Saren,None,sanenrijschool@gmail.com,None
Sev 2 Drive,None,sevkoeriersdiensten@gmail.com,None
Solestus Personeelsdiensten,0570 781 010,opleidingen@solestus.com,None
V.O.F. HSR Henk Seppenwoolde Rij-Instructie,0548 54 17 70,marianne.seppenwoolde@hetnet.nl,None
Verkeersschool Brünen B.V.,None,info@brunen.nl,http://www.brunen.nl/
Kaliteli Autorijschool,06 54 98 07 87,eorhan@online.nl,None
2RR,06 452 396 88,2rralex@gmail.com,http://www.2rr.nl/
A.R.S. Amsterdam Rijbewijs Service,020 618 66 77,amsterdamrijbewijsservice@gmail.com,http://www.amsterdamrijbewijsservice.nl/
AAK-Rijopleidingen,020 612 07 08,info@rijschoolaak.nl,http://www.rijschoolaak.nl/
Amsterdamse Verkeersopleidingen,0202601300,info@avoweb.nl,http://www.avoweb.nl/
ANWB rijopleiding Sprang & Tempo,None,leiden@anwb-rijopleiding.nl,http://www.anwb-rijopleiding.nl/
Auto- en Motorrijschool Caland,020 785 5743,info@rijschoolcaland.nl,http://www.rijschoolcaland.nl/
Auto- en Motorrijschool Hippe Amstelveen,None,info@hippe-amstelveen.nl,http://www.hippe-amstelveen.nl/
Auto- en motorrijschool Proficiat,023 526 05 30,info@rijschoolproficiat.nl,http://www.rijschoolproficiat.nl/
Auto- en motorrijschool www.rvv.nl,06 54 77 07 70,ik-wil-rijles@rvv.nl,http://www.rvv.nl/
Auto-Rijschool V. En S.,None,info@rijschoolvs.nl,None
automaatrijschool,None,info@automaatrijschool.nl,http://www.automaatrijschool.nl/
Autorijschool AIDA,020 363 71 86,info@rijschoolaida.nl,http://www.rijschoolaida.nl/
Autorijschool Mir,06 24 15 67 48,c.jorguseski@chello.nl,None
Autorijschool 5 Sterren,None,info@rijschool5sterren.nl,http://www.rijschool5sterren.nl/
Autorijschool A10,020 412 43 54,info@rijschoola10.nl,http://www.rijschoola10.nl/
Autorijschool Aha,06 51 71 78 04,info@autorijschoolaha.nl,http://www.autorijschoolaha.nl/
Autorijschool Amrit,020 615 39 02,rijschoolamrit@live.nl,http://www.amrit.nl/
Autorijschool Anass,06 27 39 97 59,zanzen@hotmail.nl,None
Autorijschool Ayana,None,info@autorijschoolayana.nl,https://www.autorijschoolayana.nl/
Autorijschool Bani,023 564 09 45,j.bani@quicknet.nl,None
Autorijschool Budget,020 686 89 47,abid.b@hotmail.com,None
Autorijschool Claessen,206964295,daclaessen@hotmail.com,None
Autorijschool Dakar,0297 34 28 63,info@rijschooldakar.nl,http://www.rijschooldakar.nl/
Autorijschool Drive Fresh,06 16 78 06 56,drivefresh@live.nl,None
Autorijschool Ed Smit,036 751 80 20,ed.smit@lesgo.nl,None
Autorijschool Elderhorst,023 562 06 46,ronaldelderhorst@hotmail.nl,http://www.autorijschoolelderhorst.nl/
Autorijschool Excellent,020 773 58 47,sabinasolmaz@gmail.com,None
Autorijschool F. Van Gulik,020 631 47 57,FVANGULIK@PLANET.NL,http://www.rijschoolvangulik.nl/
Rijschool Sharety,020 694 61 72,e.m.ishak@gmail.com,http://www.ed-ishak.nl/
Rijschool Skyline Nora,06 41 95 33 94,drivera101@hotmail.com,None
Rijschool Spencer,06 12 50 28 25,info@rijschoolspencer.nl,None
Rijschool Stuivenvolt,None,INFO@STUIVENVOLT.NL,http://www.stuivenvolt.nl/
Rijschool Ton de Haan,06 22 41 38 15,info@tondehaan.nl,http://www.tondehaan.nl/
Rijschool van Hees,075 616 51 29,info@rijschoolvanhees.nl,http://www.rijschoolvanhees.nl/
Rijschool White Way Akyol,06 14 88 25 33,info@whiteway.nl,None
Rijskula,088 877 6655,hello@rijskula.nl,https://rijskula.nl/
Ronchetti Verkeersopleidingen,None,info@ronchetti.nl,http://www.ronchetti.nl/
S. Mahes-Prithipalsingh,020 683 68 15,info@rijschoolmahes.nl,http://www.rijschoolmahes.nl/
SafeLes,020 786 07 78,info@safeles.nl,None
Selma Rijschool Melek,None,selma-tepe@hotmail.com,None
Sodrive Rijopleidingen B.V.,None,info@sodrive.nl,http://www.sodrive.nl/
Startnu Rijopleiding,075 750 68 87,info@startnurijopleiding.nl,http://www.startnurijopleiding.nl/
Theoriecentrum De Komeet,None,info@theoriecentrumkomeet.nl,http://www.theoriecentrumkomeet.nl/
Tom de Keizer,075 631 05 00,info@tomdekeizer.nl,http://www.tomdekeizer.nl/
Top-Drive,085 064 78 68,info@top-drive.nl,None
Toprijbewijs B.V.,06 39 43 53 73,info@toprijbewijs.nl,None
Universal Drive,06 16 75 28 32,info@universaldrive.nl,https://universaldrive.nl/
V.O.F. Auto/Motorrijschool van Egmond,None,rijschoolvanegmond@live.nl,http://www.rijschoolvanegmond.nl/
VDR Verkeersopleidingen,023 561 17 90,info@vdrverkeersopleidingen.nl,http://www.vdrverkeersopleidingen.nl/
Verkeerscollege.com,0297 25 06 38,info@verkeerscollege.com,http://www.verkeerscollege.com/
Verkeersschool Drive A car,0639190643,info@driveacar.nl,https://www.driveacar.nl/
Verkeersschool M&M,020 614 69 60,mustafa73@live.nl,None
Verkeersschool My Way,None,info@verkeersschoolmyway.nl,None
Autorijschool Adam En Eva,072 571 58 71,info@verkeersschooladam-eva.nl,http://www.adam-eva.nl/
Autorijschool AIDA,020 363 71 86,info@rijschoolaida.nl,http://www.rijschoolaida.nl/
Rijschool Dennis,0251 31 21 17,info@rijschooldennis.nl,http://www.rijschooldennis.nl/
Rijschool Alphenaar,023 751 63 25,info@rijschoolalphenaar.nl,http://www.alphenaar.ws/
Rijschool BiMa,None,info@rijschoolbima.com,https://www.rijschool-bima.nl/
Rijschool De Broers,None,Info@rijschooldebroers.nl,https://rijschooldebroers.nl/
Rijschool Delfin VOF,085 401 29 55,info@rijschooldelfin.nl,None
Rijschool Dinie,0251 25 34 12,info@rijschooldinie.nl,None
Rijschool Fly & Drive,0229844350,info@rijschoolflydrive.nl,None
Rijschool For You,072 571 86 61,info@rijschoolforyou.nl,http://www.rijschoolforyou.nl/
Rijschool Heemskerk,025182 94 65,info@rijschoolheemskerk.nl,http://www.rijschoolheemskerk.nl/
Rijschool Heerhugowaard,072 879 56 56,info@rijschool-heerhugowaard.nl,None
Rijschool InterFocus,023 561 19 78,mike@interfocusrijschool.nl,None
Rijschool Kras-F. Kruse,0251 65 54 48,rijschoolkras@casema.nl,None
Rijschool Krijnsen,0226 72 22 02,info@rijschoolkrijnsen.nl,http://www.rijschoolkrijnsen.nl/
Rijschool L. Buis,020 685 31 00,info@rijschoolbuis.nl,None
Rijschool MARHABA,020 893 84 37,ars.marhaba@live.nl,None
Rijschool Metin,023 549 16 59,dudu-kilic@hotmail.com,https://rijschoolmetin.nl/
Rijschool Pieter,0224 75 24 54,info@rijschool-pieter.nl,None
Rijschool Rick,0224 745 655,info@rijschoolrick.nl,None
Rijschool RIJZO,None,rijschoolrijzo@gmail.com,http://www.rijzo.nl/
1BASIS,085 130 46 38,info@1basis.nl,http://www.rijschool1basis.nl/
AL Amur,None,info@alamurrijschool.nl,None
Algemene Rijopleiding Rotterdam t.h.o.d.n. ANWB Rijopleidingen Rotterdam,010 245 20 52,rotterdam@anwb-rijopleiding.nl,http://www.anwb-rijopleiding.nl/
Alpina drive,010 880 61 00,info@rijschool-alpina.nl,None
Angels verkeersopleidingen,010 7613 580,krishna_lachminarainsingh@hotmail.com,None
Apadana Autorijschool,0104715860,m2_rahimpoor@yahoo.com,None
Auto en Motorrijschool Marcel van den Bergh,0181 64 19 25,verkeersschoolmvdbergh@gmail.com,http://www.mvdbergh.nl/
Autorijschool DITTA,06 14 32 80 13,rehman0907@hotmail.com,None
Autorijschool Dylano,0786455837,info@rijschooldylano.nl,http://www.rijschooldylano.nl/
Autorijschool Mundial,06 55 70 77 65,duartelopes@hotmail.com,None
Autorijschool Serona Citydrive,0104382833,info@serona.nl,None
Autorijschool 'Dorine van der Willik',0187 49 35 69,info@dorinevanderwillik.nl,http://www.dorinevanderwillik.nl/
Autorijschool 't Zonnetje,06 34 23 93 78,cvz@kpnmail.nl,None
Autorijschool A20,None,muslumertekin@hotmail.com,None
Autorijschool Ada,0181 61 71 19,rick-ada@hotmail.com,None
Autorijschool Altagracia,06 87 21 77 59,autorijschoolaltagracia@hotmail.com,None
Autorijschool Bernard Hoezen,06 51 52 44 67,info@bernardhoezen.nl,None
Autorijschool Botlek,0181 62 95 19,rijschoolbotlek@hotmail.com,http://www.autorijschoolbotlek.nl/
Autorijschool C. Soares,010 413 83 25,crisanto_soares@hotmail.com,None
Autorijschool E. Pronk,0174 41 31 95,erikpronk@caiway.net,http://www.erikpronk.nl/
Autorijschool Elan,010 485 27 26,ztripic@hotmail.com,http://www.autorijschool-elan.nl/
Autorijschool Eno,010 474 33 92,autorijschool.eno@gmail.com,None
Autorijschool Euro Power,010 474 02 24,info@rijschooleuropower.nl,http://www.rijschooleuropower.nl/
Autorijschool H.N.A. Zeeman,0174 51 65 49,hetty.zeeman@zonnet.nl,None
Autorijschool Het Rijden,0107862485,hetrijden@gmail.com,None
Autorijschool Klaver,06 46 34 76 49,boulak340@hotmail.com,http://www.rijschoolkhalid.nl/
Autorijschool Adam En Eva,072 571 58 71,info@verkeersschooladam-eva.nl,http://www.adam-eva.nl/
Autorijschool AIDA,020 363 71 86,info@rijschoolaida.nl,http://www.rijschoolaida.nl/
Rijschool Dennis,0251 31 21 17,info@rijschooldennis.nl,http://www.rijschooldennis.nl/
Rijschool Ruud Smit,0299 67 40 10,ruud@quicknet.nl,None
Rijschool Schagen,0224 722 039,info@rijschoolschagen.nl,http://www.rijschoolschagen.nl/
Rijschool Schutte,0224 722 111,rijschoolschutte@gmail.com,None
Rijschool Siegers,06 41 18 42 05,info@rijschoolsiegers.nl,http://www.rijschoolsiegers.nl/
Rijschool Solide,0251 82 48 67,rijopleiding-direct@outlook.com,None
Rijschool Stad van de Zon,072 743 37 71,info@rijschoolstadvandezon.nl,None
Rijschool Talander,072 581 34 16,info@rijschooltalander.nl,http://www.rijschooltalander.nl/
Rijschool Terpstra,0228518415,rijschoolterpstra@ziggo.nl,None
Rijschool Van Voorst,None,info@rijschoolvanvoorst.nl,http://www.rijschoolvanvoorst.nl/
Rijschool Victorie,072 515 57 38,autorijschoolsandra@gmail.com,None
Roadmasters Rijopleidingen,075 234 05 55,info@roadmasters.nl,http://www.roadmasters.nl/
Storm Verkeersopleidingen,0251 67 11 85,INFO@STORMVERKEERSOPLEIDINGEN.NL,http://www.stormverkeersopleidingen.nl/
Top Drive Henk Lassing,06 50 62 81 16,info@topdrive.nl,None
Veilig op Weg,0653907221,rijschoolveiligopweg@gmail.com,http://www.rijschoolveiligopweg.nl/
Verkeersschool Alkmaar,None,info@verkeersschoolalkmaar.nl,http://www.verkeersschoolalkmaar.nl/
Kaliteli Autorijschool,06 54 98 07 87,eorhan@online.nl,None
Autorijschool AIDA,020 363 71 86,info@rijschoolaida.nl,http://www.rijschoolaida.nl/
Autorijschool Mir,06 24 15 67 48,c.jorguseski@chello.nl,None
Autorijschool J. De Bock,020 482 50 08,kristel_1984@hotmail.com,None
Verkeersschool Brommer,0226341063,www.brommer-autorijschool.nl,http://info@brommer-autorijschool.nl/
Verkeersschool Post,0613607601,infogerardpost@hetnet.nl,https://drive2relax.nl/
Verkeersschool Ray Erkelens,0613607601,info@verkeersschoolrayerkelens.nl,https://drive2relax.nl/
Verkeersschool ROAD,072 572 35 70,info@verkeersschoolroad.nl,https://www.verkeersschoolroad.nl/
Verkeersschool Sens,646917711,info@verkeersschoolsens.nl,http://www.verkeersschoolsens.nl/
Verkeersschool Istha,0224 53 15 86,info@istha.nl,http://www.istha.nl/
Verkeersschool Jongejan,0223 64 18 05,info@verkeersschool-jongejan.nl,http://www.verkeersschool-jongejan.nl/
Verkeersschool Mike,0728445347,info@verkeerssschoolmike.nl,None
Verkeersschool Noordzee,015 212 39 38,info@nzdelft.nl,http://www.nzdelft.nl/
Verkeersschool van Meurs en Hoornsevaart,0226320221,VKS.MEURS@QUICKNET.NL,http://www.vksmeurs.nl/
Verkeersschool Versterre,None,info@versterre.nl,http://www.versterre.nl/
Verkeersschool Voorrang,072 511 02 40,verkeersschoolvoorrang@hotmail.com,http://www.voorrang.net/
AGJ Nijland,0546 86 57 96,f.nijland@hetnet.nl,None
ArA Rijschool,0528 26 81 12,ararijschool@live.nl,None
Auto- en Motorrijschool Dekker,0548 61 20 57,rijschool.dekker@planet.nl,None
Auto- en Motorrijschool Leo Zwakenberg,0548 61 16 06,info@rijschool-zwakenberg.nl,None
Autobedrijf te Morsche V.O.F.,0548 51 63 98,verkeersschool@temorsche.nl,http://www.verkeersschooltemorsche.nl/
Autorijschool Bidros,0546499532,rijschoolbibros@gmail.com,None
Autorijschool Brunninkhuis,0541 67 03 76,peterbrunninkhuis@home.nl,None
Autorijschool Dunya,None,holland_karim@yahoo.com,None
Autorijschool E. Mouw,0548 52 00 28,eduardmouw@hotmail.com,None
Autorijschool Ebbers,074 266 75 75,info@verkeersschoolebbers.nl,http://www.verkeersschoolebbers.nl/
Autorijschool Gemma Volmer,None,GEMMAVOLMER@HOTMAIL.COM,None
Hartemink Verkeersopleidingen B.V.,0545 47 20 10,info@hartemink.nl,http://www.hartemink.nl/
Hofman Advies Training en Opleiding,085 273 63 60,info@janhofman.nl,None
Lamberink  rij-advies & handels buro,0523 23 14 36,seine@rij-advies.nl,None
Leus Verkeersschool B.V.,None,verkeersschool@leus.nl,http://www.leus.nl/
Remco Bos jouw RIJLESCOACH,06 20 62 71 38,verkeersschool@leus.nl,http://www.leus.nl/
Marissink Rijopleidingen,06 225 408 75,info@marissinkrijopleidingen.nl,http://www.marissinkrijopleidingen.nl/
MK Rijopleiding,0546 82 91 50,info@mk-rijopleiding.nl,None
Rijopleiding Edwin Rutgers,0548 65 56 71,info@edwinrutgers.nl,http://www.edwinrutgers.nl/
Rijschool Berno Harmsen,548544329,info@rijschoolbernoharmsen.nl,None
Rijschool Bianca,0546 64 44 77,info@rijschoolbianca.nl,http://www.rijschoolbianca.nl/
Rijschool Emmanuel,0546 86 65 60,info@rijschoolemmanuel.nl,http://www.rijschoolemmanuel.nl/
Rijschool Frank Geerling,None,frankgeerling@gmail.com,None
Rijschool Hermen,054 854 10 95,hermen@rijschoolhermen.nl,http://www.rijschoolhermen.nl/
Verkeersschool Drive-Easy,053 477 02 20,info@drive-easy.nl,http://www.drive-easy.nl/
Verkeersschool Wagenmans,0548 61 34 38,info@rijschool-wagenmans.nl,None
Autorijschool Hasan,020 776 21 13,trabzonsporboy@hotmail.com,None
Autorijschool Het Nieuwe Rijden,None,nicky_tra@hotmail.com,None
Autorijschool Ishak,020 694 61 72,e.m.ishak@gmail.com,http://www.ed-ishak.nl/
Autorijschool J. Weeling,020 684 97 10,info@weeling.nl,http://www.weeling.nl/
Autorijschool Jori,0297 34 29 28,joriaalsmeer@gmail.com,None
Autorijschool Linda,020 779 84 77,l.linger@chello.nl,None
Autorijschool Marcel Haaima,023 561 19 21,info@rijschoolhaaima.nl,None
Autorijschool Melissa,036 537 37 75,melissa-arik@hotmail.com,None
Autorijschool Memoli,None,tamercik73@hotmail.com,None
Autorijschool Mughal,06 46 91 60 29,g.mahmood@live.com,None
Autorijschool Nationaal,None,nationaal001@hotmail.com,None
Autorijschool Nieuw Amsterdam B.V.,None,info@rijschoolnieuwamsterdam.nl,http://www.rijschoolnieuwamsterdam.nl/
Autorijschool Ohema,06 42 59 12 08,g.haynes@upcmail.nl,None
Autorijschool Ruya,020 614 69 60,info@ruya.nl,None
Autorijschool Sandra Bakker,None,info@rijschoolbakker.nl,http://www.rijschoolbakker.nl/
Autorijschool Selek,020 610 97 60,betulin@zonnet.nl,None
Autorijschool Shivani - First,0756573002,soedishdrigpal@hotmail.com,None
autorijschool sylvia borst,020 681 46 41,info@autorijschoolsylviaborst.nl,http://www.autorijschoolsylviaborst.nl/
Autorijschool Top Licence,036 834 39 04,baas64_@hotmail.com,None
Autorijschool V2,0652546480,ivan_m917@hotmail.com,None
Autorijschool Veli,020 613 89 20,rijschoolveli@hotmail.com,None
Autorijschool Vinesh,075 771 30 85,autorijschoolvinesh@hotmail.com,None
Autorijschool Yesim Ruya,020 614 69 60,yesimruya@gmail.com,None
Autorijschool Zeeburg,020 419 48 49,caspervanderspek@gmail.com,None
Aynur Autorijschool,None,Rijschool_Aynur@hotmail.com,None
De Rij Praktijk,0207891235,dhalil.souisay@gmail.com,None
De Schans,075 631 00 50,pboterman@planet.nl,http://www.autorijschooldeschans.nl/
De Verkeerscoach.nl,06 44 71 23 41,geen,https://deverkeerscoach.nl/
Drive Inc,0203370089,info@driveinc.nl,None
Driving School Amsterdam,020 610 46 36,rijschoolabrari@hotmail.com,None
Dutch Rij-opleidingen,None,djambolina@hotmail.com,None
Enjoy Traffic,020 779 47 94,r.skandhai@hotmail.com,None
High Quality Drivingschool Holland,036 533 78 99,info@hq-driving.nl,http://www.hq-driving.nl/
International Driving School LIMA Amsterdam,None,info@lima-amsterdam.nl,None
jouw-rijschool.nl,020 668 21 15,inf@jouw-rijschool.nl,None
L.C. Lauritsen,0252 67 49 94,info@lauritsen.nl,http://www.lauritsen.nl/
Lawal Autorijschool,020 845 12 29,info@lawalautorijschool.nl,None
lesxl.nl,020 308 68 06,info@lesbuddy.nl,None
MDR Rij-Opleidingen,020 416 72 05,mukeshdebi@hotmail.com,None
Mondiaal Rijopleidingen,None,abdel.azouz@wanadoo.nl,None
P. Boogaard,020 403 15 27,rijschoolboogaard@ziggo.nl,None
Patron verkeersopleidingen,020 777 08 06,info@patronverkeersopleidingen.nl,None
Pointer Academie,0206673486,info@pointeracademie.nl,None
Power 2 Drive,06 31 97 49 09,info@power2drive.nl,None
R.F.R. Düster,020 612 67 34,r.duster@chello.nl,None
Renes,020 693 96 24,renes.autorijschool@planet.nl,None
Rijcoach Amstelland,020 789 06 87,info@rijcoach-amstelland.nl,None
Rijlesboeken.nl B.V.,085 1303 688,info@rijlesboeken.nl,None
Rijleszaandstad,None,bas.list541@gmail.com,None
Rijopleiding Coach,None,abreinders@kpnplanet.nl,None
Rijschool Green,020 345 13 33,info@rijschoolgreen.nl,http://www.rijschoolgreen.nl/
Rijschool Amal,None,rs-amal@hotmail.com,None
Rijschool Amsterdam B.V.,020 238 95 00,info@rijschoolamsterdam.nl,None
Rijschool Atena,020 626 49 47,rijschoolatena@hotmail.com,http://www.rijschoolatena.com/
Rijschool BABA Allam,020 637 45 52,khaled.allam@hotmail.com,None
Rijschool Benzian,020 610 46 52,youssef_ben5@hotmail.com,None
Rijschool Collewijn,020 613 33 39,info@collewijn.net,http://www.collewijn.net/
Rijschool Company,020 260 01 05,info@rijschoolcompany.nl,None
Rijschool De Toekomst,None,rijschooltoekomst@live.nl,http://www.rijschooltoekomst.nl/
Rijschool Educatie,020 411 56 96,eh-tawfik@hotmail.com,http://www.rijschooleducatie.nl/
Rijschool EvA,0681566805,info@rijschool-eva.nl,None
Rijschool Experience,0299 68 54 04,ramnath@upc.nl,None
Rijschool Feenstra,020 664 52 99,janfeenstra@online.nl,None
Rijschool Flits,0181 61 34 27,info@rijschoolflits.nl,http://www.rijschoolflits.nl/
Rijschool Ge van Aken,06 54 21 35 03,vaken@tiscali.nl,http://www.autorijschool-gevanaken.nl/
Rijschool Gerritsen,020 737 05 67,info@rijexamenmakelaar.nl,http://www.rijschoolbomex.nl/
Rijschool Glenn,020 697 82 27,glenn.nma@hotmail.com,None
Rijschool Haarlemmermeer B.V.,023 205 2664,info@rijschoolhaarlemmermeer.com,None
Rijschool Hotaman,None,info@hotaman.nl,http://www.hotaman.nl/
Rijschool imove,020 822 35 81,info@rijschool-imove.nl,http://www.rijschoolimove.nl/
Rijschool Lydia,0297368535,rijschool.lydia8@gmail.com,None
Rijschool Maas,0297 34 36 60,info@rijschoolmaas.com,http://www.rijschoolmaas.com/
Rijschool Maja Zmzm,020 470 22 88,rijschoolmaja@hetnet.nl,None
Rijschool Marlee,06 24 74 95 92,info@rijschoolmarlee.nl,None
Rijschool Meteoor,020 611 84 03,INFO@METEOOR-RIJSCHOOL.NL,http://www.meteoor-rijschool.nl/
Rijschool Moen,None,info@rijschoolmoen.nl,http://www.rijschoolmoen.nl/
Rijschool Moesje,None,moesje@moesje.nl,http://www.moesje.nl/
Rijschool Overtoom B.V.,020 683 04 19,info@rijschoolovertoom.nl,http://www.rijschoolovertoom.nl/
Rijschool P. Detmers,023 565 04 25,info@detmers.nl,http://www.detmers.nl/
Rijschool Rechtsaf,036 59 50 510,mmahinder@hotmail.com,None
Rijschool Shami,None,Shami@hotmail.nl,None
Verkeersschool Nelen B.V.,None,info@nelen.nl,http://www.nelen.nl/
Verkeersschool Safety First (Verkeersinstituut Amsterdam),None,info@rijschool-safetyfirst.nl,http://www.rijschool-dorland.nl/
Verkeersschool Stam,020 633 51 00,verkeersschoolstam@gmail.com,None
Verkeersschool Storm,020 497 03 80,invoice@directvipservice.nl,http://www.verkeersschoolstorm.nl/
Verkeersschool vd Laan,0297 32 03 78,info@vd-laan.eu,http://www.vd-laan.eu/
Voie Autorijschool,06 87 07 14 97,ivo@voie.nl,None
Wolf Rijbewijsshop.nl,None,info@wolf.nl,http://www.wolfrijbewijsshop.nl/
Xpress Rijopleiding.nl,020 233 12 59,info@xpressrijopleiding.nl,http://www.xpressrijopleiding.nl/
't Gerij,0575 56 50 42,leffert@freeler.nl,http://www.rijschoolhetgerij.nl/
A12 Opleidingen B.V.,0316 24 73 50,info@a12opleidingen.nl,None
Algemene rijopleiding Derksen,314666037,r-derksen@hetnet.nl,None
Algemene Rijopleiding P. Groenen,0316 54 18 48,p-groenen@hotmail.nl,None
Auto en motorrijschool ten Have Doetinchem,031 464 34 09,p.ten.have@hetnet.nl,None
Auto- en Motorrijschool Krabbenborg,0544 37 64 51,info@rijschoolkrabbenborg.nl,http://www.rijschoolkrabbenborg.nl/
Autorijschool Content,0315 32 31 20,cozay1966@gmail.com,http://www.cemil.nl/
Autorijschool de Witt,026 312 03 34,info@rijschooldewitt.nl,None
Autorijschool Dolf Friesen,0314 36 39 76,dolffriesen@hotmail.nl,http://www.autorijschooldolffriesen.nl/
Autorijschool Driversseat,0544 37 72 20,info@driversseat.nl,None
Autorijschool Eric Berntsen,0315 32 35 74,info@ericberntsen.nl,http://www.ericberntsen.nl/
Autorijschool Evers,0316 37 15 02,f.evers67@upcmail.nl,None
Autorijschool Frank en Emiel te Grotenhuis,0315 65 46 32,franktegr@hotmail.com,http://---------------------------------------------/
Autorijschool Heijmink,0316 54 22 53,info@rijschoolheijmink.nl,http://www.rijschoolheijmink.nl/
Autorijschool Johan Kämink,0543 45 20 99,info@kamink.nl,None
Autorijschool Johan Verberk,026 362 26 82,info@johanverberk.nl,http://www.johanverberk.nl/
Autorijschool Kemperman,0316529531,info@autorijschoolkemperman.nl,None
Autorijschool Ruesink,0575 55 15 54,richard@rijschoolruesink.nl,http://www.autorijschoolruesink.nl/
Autorijschool Scholten,None,AUTORIJSCHOOL@XS4ALL.NL,None
Autorijschool Straatsma,06 51365571,info@autorijschoolstraatsma.nl,http://www.autorijschoolstraatsma.nl/
Autorijschool Van Ingen,0544 462 120,info@autorijschoolvaningen.nl,None
Autorijschool Vink,0315 68 59 17,han vink@tref.nl,http://www.hanvink.nl/
Autorijschool Wim Steintjes,0313 47 49 46,info@wimsteintjes.nl,http://www.wimsteintjes.nl/
Autorijschool/Handelsonderneming van der Linden,0575 44 12 60,vandenlinden@hetnet.nl,None
Bever Andelst B.V.,None,andelst@bevertmc.nl,http://www.beverautoaanpassingen.nl/
D. Bor,0318 65 45 47,d.bor@live.com,http://www.borrijopleidingen.nl/
Drive & Taxi Instituut,0615952893,info@drive-taxi-instituut.nl,https://www.drive-taxi-instituut.nl/
Edwin de Kinkelaar Verkeersschool,0316 22 78 73,verkeersschooledwindekinkelaar@gmail.com,None
Gecer Verkeersopleiding Arnhem,None,p.gecer@hotmail.com,None
Into Traffic,026 213 79 18,info@intotraffic.nl,http://www.intotraffic.nl/
J. Damen thodn NXXT,0315 32 99 45,josdamen@kpnmail.nl,http://www.josdamen.nl/
Linda Nijenhuis Rijopleidingen,None,linda.nijenhuis@hotmail.com,None
Louana Rijopleidingen B.V.,0316 52 84 54,info@louana.nl,http://www.louana.nl/
M.J. Martis Rijschool,None,elpuma0077@live.nl,None
Quickles.nl,0316 52 74 64,info@quickles.nl,None
Regiorijschool Sinay,0313 48 41 14,verkeersschoolsinay@chello.nl,http://www.verkeersschoolsinay.nl/
Rem & Go,None,info@rem-go.nl,http://www.rem-go.nl/
rijden met marcel,06 22 75 07 28,info@rijdenmetmarcel.nl,http://www.rijdenmetmarcel.nl/
Rijschool De Daily Driver,06 45 18 38 43,soufiane_hadouchi@hotmail.com,None
Rijschool De Rooij,0575 53 04 94,info@rijschoolderooij.nl,http://www.rijschoolderooij.nl/
Rijschool Dichteren,0314 78 54 83,info@autorijschool-kani.nl,None
Rijschool Dick Joosten,026 381 84 12,rijschool@dickjoosten.nl,http://www.dickjoosten.nl/
Rijschool Elite,06 26 74 47 31,Cihanyalcin@live.nl,https://www.autorijschoolelite.nl/
Rijschool Groothuis,0544 84 25 85,info@autorijschoolwimgroothuis.nl,http://www.autorijschoolwimgroothuis.nl/
Rijschool Horstman,06 51 91 18 55,marcohorstman@hotmail.com,None
Rijschool Marcel Stokman,0313473644,m.stokman@hotmail.nl,None
Rijschool Melissa t.h.o.d.n. NXXT,None,melissadietz@nxxt.nl,None
Rijschool Nico,06 22 18 75 08,nicovanduivenboden@gmail.com,http://www.rijschoolnico.nl/
Rijschool No Stress,085 400 9004,info@rijschoolnostress.nl,https://www.rijschoolnostress.nl/
Rijschool Paul Schwarte t.h.o.d.n. NXXT,None,paulschwarte@nxxt.nl,None
Rijschool Rob Janssen.nl,0316 28 44 12,info@rijschoolrobjanssen.nl,None
Rijschool Ron Kuiper,0648671430,rijschoolronkuiper@upcmail.nl,None
Rijwijzer Verkeersscholen B.V.,085 06 06 113,info@dekinkelderrijopleidingen.nl,https://dekinkelderrijopleidingen.nl/
Rond Oer,0315683937,info@rondoer.nl,None
S. Besli,030 271 86 07,besli_baba@hotmail.com,None
V.O.F. Rijschool Stellinga,0545 47 32 21,info@stellinga.nl,http://www.stellinga.nl/
Verkeersschool Montferland,None,martinaseegers@concepts.nl,http://www.verkeersschoolmontferland.nl/
Verkeersschool Frank Massop,0543 52 16 09,info@frankmassop.nl,https://frankmassop.nl/
Verkeersschool G.H. Luiten,0543 45 19 39,gerritluiten@wanadoo.nl,None
Verkeersschool Guus Kolkman V.O.F.,0544 35 19 39,joke.kolkman@12move..nl,None
Verkeersschool Hans Joosten,026 323 60 45,verkeersschool@hansjoosten.nl,http://www.hansjoosten.nl/
Verkeersschool Ingrid Hilbelink,544378879,ingridhilbelink@gmail.com,None
Verkeersschool Ingrid van Perlo,085 201 96 46,info@vip-rijschool.nl,https://vip-rijschool.nl/
Verkeersschool Inzicht,026 446 28 56,Info@verkeersschool-inzicht.nl,http://verkeersschool-inzicht.nl/
Verkeersschool J.W. Magis,0543 45 20 29,verkeersschool-magis@hetnet.nl,None
Verkeersschool Jaap Speelziek,085 48 77 131,info@speelziek.nl,http://www.speelziek.nl/
Verkeersschool Jos Vreeman,0543 47 87 15,j.gvreeman@wanadoo.nl,http://www.josvreeman.nl/
Verkeersschool Lemaire,0314 366 696,info@verkeersschoollemaire.nl,https://verkeersschoollemaire.nl/
Verkeersschool Richard Kaya,0314 35 97 59,info@richardkaya.nl,http://www.richardkaya.nl/
Verkeersschool Striekwold B.V.,0314 34 61 03,info@striekwold.nl,None
Verkeersschool Wisselink,0315 24 15 24,info@verkeersschool-wisselink.nl,None
VSL Verkeerseducatie VOF,085303 0789,info@rijschoolVSL.nl,https://www.rijschoolvsl.nl/
Aagje Autorijschool,036 534 49 19,info@aagje-autorijschool.nl,http://www.aagje-autorijschool.nl/
Alert Auto- En Motorrijschool,None,alertbussum@kpnmail.nl,http://www.alertbussum.nl/
All-Round Auto/Motorrijschool,035 694 19 04,gvg1@xs4all.nl,http://www.autorijschoolallround.nl/
ANWB Rijopleiding Almere Gooi en Vechtstreek,035 303 09 03,dvermaazen@anwb-rijopleiding.nl,http://www.anwb.nl/rijopleiding
Auto- en Motorrijschool 't Hoefijzer,033 246 55 07,rijbewijs@hoefijzer.info,http://www.hoefijzer.info/
Auto- En Motorrijschool Royal,035 685 68 53,palay@live.nl,None
Auto-/Motorrijschool Andre,036 534 74 74,info@verkeersschoolandre.nl,http://www.verkeersschoolandre.nl/
Auto-Ecole,0294 43 02 44,auto-ecole@zonnet.nl,None
Autorijschool Jawa,035 601 46 21,info@rijschooljawa.nl,http://www.rijschooljawa.nl/
Autorijschool AB Almere,036 533 32 21,info@ab-almere.nl,None
Autorijschool Amla,06 36 18 93 83,ajmalmaroufi@hotmail.com,None
Autorijschool Atlas Traffic,357731920,info@autorijschoolatlas.nl,http://www.autorijschoolatlas.nl/
Autorijschool B.P. Keppel,035 683 77 67,info@autorijschool-keppel.nl,http://www.autorijschool-keppel.nl/
Autorijschool Bast,None,welkom@autorijschoolbast.nl,None
Autorijschool Bezemer ABR,035 533 95 71,rijschool@bezemerabr.nl,http://www.bezemerabr.nl/
Autorijschool Broeke,035 685 15 06,t.broeke@chello.nl,None
Autorijschool Caroline de Vries,06 22 41 79 71,info@autorijschool-carolinedevries.nl,http://www.autorijschool-carolinedevries.nl/
Autorijschool De Amerhorst,033 475 70 46,info@deamerhorst.nl,None
Autorijschool First Drive,None,firstdrive@hetnet.nl,http://www.firstdrive.nl/
Autorijschool Folkers,035 524 42 62,rob@rijschoolfolkers.nl,http://www.rijschoolfolkers.nl/
Autorijschool Gooijer,06 23 34 30 58,info@autorijschoolgooijer.nl,http://www.autorijschoolgooijer.nl/
Autorijschool Helmig,06 53 38 13 47,info@autorijschool-helmig.nl,http://www.autorijschool-helmig.nl/
Autorijschool Hilversum,None,info@autorijschoolhilversum.nl,None
Autorijschool JEREMY,035 772 37 50,rijschooljeremy@gmail.com,None
Autorijschool M. Halici,035 526 85 53,m.halici@live.nl,None
Autorijschool M.J.F.B.,None,bertvanoene@kpnmail.nl,None
Autorijschool Mercan,None,H-mercan@live.nl,http://www.mercan.nl/
Autorijschool Mulder,035 683 18 85,info@autorijschool-mulder.nl,http://www.autorijschool-mulder.nl/
Autorijschool Nawied,035 623 01 24,k-momeni@yahoo.com,None
Autorijschool Passie,0368449700,autorijschoolpassie@hotmail.nl,None
Autorijschool Petrus,036 531 49 25,rijschool_petrus@hetnet.nl,http://rijschoolpetrus.nl/
Autorijschool Rij Je Wijs,06 48 56 66 17,info@rij-je-wijs.nl,http://www.rij-je-wijs.nl/
Autorijschool Saan,None,info@autorijschoolsaan.nl,http://www.autorijschoolsaan.nl/
Autorijschool Sapmaz,033 494 55 89,info@sapmaz.nl,None
Autorijschool Sarian,035 542 26 85,info@autorijschoolsarian.nl,http://www.ars-sarian.nl/
Autorijschool Sati,None,sati_kilic_oktar@hotmail.com,None
Autorijschool Suayip,None,rijschoolsuayip@hotmail.com,None
Autorijschool THRIVE,036 848 7136,autorijschool.thrive@gmail.com,None
Autorijschool Ton Smit,036 521 27 85,rijschooltonsmit@kpnmail.nl,None
Autorijschool Top,035 621 08 43,info@automotorrijschooltop.nl,http://www.topverkeersschool.nl/
Autorijschool Top Succes,None,mouali@tele2.nl,None
Autorijschool Waterman,036 533 62 76,waterman78@live.nl,None
Bosch Veenstra,035 624 80 13,info@bosch-veenstra.nl,http://www.bosch-veenstra.nl/
Bruinsma Verkeersopleidingen,None,info@bruinsma.nl,http://www.bruinsma.nl/
Drive Tips,035 888 36 29,lokmankhalil@gmail.com,None
E. Veerkamp,036 536 62 53,egveerkamp66@gmail.com,None
Easy Driver,None,easydriver@live.nl,None
Easy2Drive Verkeersopleidingen,035 526 66 68,larissa@easy2drive.nl,http://www.easy2drive-huizen.nl/
Enotive,036 537 67 89,d.tewarie@live.nl,None
EVR Almere,06 14 14 14 92,info@evralmere.nl,http://www.evralmere.nl/
Flevo Drive,036 523 00 72,s.ramdhan@hotmail.com,None
G.J. v/d Tuuk t.h.o.d.n. NXXT,06 81 08 50 35,gjvandertuuk@lijbrandt.nl,http://www.nxxt.nl/
G.J. Zwaving,035 623 34 59,www.zwaving@planet.nl,http://www.gjzwaving.nl/
Gebr. Elmers,036 533 24 70,w.f.elmers @ chello.nl,http://www.autorijschool-elmers.nl/
Go-On rijschool t.h.o.d.n. NXXT,036 537 59 00,cplozekoot@kpnmail.nl,None
HanoDrive B.V.,06 19 04 72 39,info@rijschool-hanodrive.nl,https://www.rijschool-hanodrive.nl/
Instappen,036 521 48 60,nauma043@planet.nl,None
Jezuvis,0365 25 05 02,info@autorijschooljezuvis.nl,https://www.autorijschooljezuvis.nl/
Karin Reehorst Rijschool,0356838322,karinbudding@upcmail.nl,None
KEMP Rijopleidingen B.V.,036 538 44 42,rijopleidingen@kemp.eu,http://www.kemp.eu/
Lex van der Steen,036 535 15 09,a.vandersteen3@chello.nl,http://www.lexvandersteen.nl/
Marianne Rijschool,035 642 42 21,info@mariannerijschool.nl,http://www.mariannerijschool.nl/
NXXT Verkeersscholen B.V.,085 040 0000,info@nxxt.nl,None
Rapido,035 538 23 60,rapido@dds.nl,http://www.rijschoolrapido.nl/
Rij & Verkeersopleiding Centrum (R.V.C.),06 54 78 77 41,info@rvc.nu,None
Rijbewijs Company,06 55 70 55 30,info@rijbewijscompany.nl,http://www.rijbewijscompany.nl/
Rijschool 't Gooi,0307525216,mesutceyhan12@hotmail.com,None
Rijschool Awin,036 535 43 75,info@rijschoolawin.nl,http://www.rijschoolawin.nl/
Rijschool Hosanna,0368417837,info@rijschoolhosanna.nl,http://www.rijschoolhosanna.nl/
Rijschool KawaRob,036 529 09 48,info@kawarob.nl,http://www.kawarob.nl/
Rijschool Lammens,036 536 55 45,rjlammens@hetnet.nl,http://www.rijschoollammens.nl/
Rijschool Learn to Ride,06 23 41 98 11,info@learntoride.nl,None
Rijschool LUCY,0368 412 840,info@rijschoollucy.nl,None
Rijschool MARVEL h.o.d.n. Rijles Zonder Stress,None,marcel.veldkamp@icloud.com,None
Rijschool Nicoles,0365464632,info@rijschoolnicoles.nl,http://www.rijschoolnicoles.nl/
Rijschool Rens & Rens,06 21 18 76 36,info@rens-en-rens.nl,None
Rijschool Van Loon,036 524 35 63,rijschoolvanloon@live.nl,None
Rijschool Vermeer B.V.,033 299 00 63,wim@rijschoolvermeer.nl,http://www.rijschoolvermeer.nl/
Rijschool Vva,None,vrienden1974@hotmail.com,None
Rijschoolhuizen.com,None,info@rijschoolhuizen.com,http://www.rijschoolhuizen.com/
Smile Autorijschool,None,i_duzgun80@hotmail.com,None
SRB,033 480 44 01,autorijschool-srb@hotmail.nl,None
Sunny,035 691 59 57,lex.brukman@gmail.com,http://rijschool-sunny.nl/
Taabi,None,taabi@wanadoo.nl,None
Tomic Autorijschool,06 25 05 01 34,tomic@telfort.nl,None
Verkeersopleidingen Chris van der Poel,06 41 61 55 96,info@theoriecentrumhuizen.nl,http://www.theoriecentrumhuizen.nl/
Verkeersopleidingen Jan ter Beek B.V.,035 699 79 00,info@janterbeek.nl,http://www.janterbeek.nl/
Voogt,None,info@autorijschool-voogt.nl,http://www.autorijschool-voogt.nl/
VRC Rijopleidingen,030 268 73 71,harold@vrcrijopleidingen.nl,http://www.vrcrijopleidingen.nl/
ANWB-Rijopleiding Eindhoven,040 2827642,eindhoven@anwb-rijopleiding.nl,http://www.anwb-rijopleiding.nl/
Auto en Motorrijschool Jan Heezen,None,info@rijschoolheezen.nl,http://www.rijschoolheezen.nl/
Auto- en Motorrijschool Wegwijs V.O.F.,0499 47 29 17,info@rijschoolwegwijs.nl,http://www.rijschoolwegwijs.nl/
Auto- en Motorrijschool Mario Smulders,040 285 84 51,info@mariosmulders.nl,http://www.mariosmulders.nl/
Auto- en Motorrijschool Robert,040 241 89 18,rdekkers1968@kpnmail.nl,None
Auto-Motorrijschool C. v.d. Wildenberg,06 11 14 11 11,cvdwildenberg@gmail.com,None
Autorijschool & Transportservice Paul J. Lievens,0499 57 32 99,info@les-liever-lievens.nl,http://www.les-liever-lievens.nl/
Autorijschool Alfred Kuijper,0413 343 864,alfredkuijper@gmail.com,None
Autorijschool Aydin,040 292 79 25,info@aydin.nl,http://www.aydin.nl/
Autorijschool Beerens,0497 51 68 68,info@autorijschoolpeterbeerens.nl,None
Autorijschool Best,None,info@autorijschoolbest.com,None
Autorijschool de Bie,0407859745,autorijschooldebie@gmail.com,None
Autorijschool De Kempen,None,info@rijschooldekempen.nl,None
Autorijschool de Toekomst V.O.F.,0497 64 42 03,info@autorijschooldetoekomst.info,https://autorijschooldetoekomst.info/
Autorijschool Gerard Smits,06 55 74 58 58,gwsmits@outlook.com,None
Autorijschool Ghiasi,040 254 91 15,w-ghiasi@hotmail.com,None
Autorijschool Hans van Lierop,049 255 36 57,j.lierop30@chello.nl,http://www.rijschool-hvl.nl/
Autorijschool Hooge Mierde,None,info@autorijschoolhoogemierde.nl,None
Autorijschool Izmir,None,mahmut_tam35@hotmail.com,None
Autorijschool John van der Weijden,040 242 25 62,john@rijschoolvanderweijden.nl,http://www.rijschoolvanderweijden.nl/
Autorijschool Martijn Bakker,040 2575 232,ma081275@hotmail.com,None
Autorijschool Memo,0499 39 16 01,info@autorijschoolmemo.nl,None
Autorijschool RBC,0625153807,info@autorijschoolrbc.nl,http://www.autorijschoolrbc.nl/
Autorijschool Rij-Wijers,040 257 00 32,info@rij-wijers.nl,None
Autorijschool Roy B.V.,040 254 68 15,info@rijschoolroy.nl,http://www.rijschoolroy.nl/
Autorijschool S. Kosar,040 286 96 10,info@salihkosar.nl,http://www.salihkosar.nl/
Autorijschool Strijp,040 252 80 87,info@autorijschoolstrijp.nl,http://www.autorijschoolstrijp.nl/
Autorijschool Theo Cudok B.V.,040 253 10 93,theo@rijschooltheocudok.nl,http://www.rijschooltheocudok.nl/
Autorijschool Van Esch,06 46 38 12 38,autorijschoolvanesch@gmail.com,https://www.autorijschoolvanesch.com/
Autorijschool Van Kampen,040 246 28 24,info@rijopleiding.nl,http://www.rijopleiding.nl/
Autorijschool Vrancken,06 54 26 13 11,info@autorijschool-vrancken.nl,http://www.autorijschool-vrancken.nl/
Autorijschool Wies Knapen,0625007684,info@wiesknapen.nl,http://www.wiesknapen.nl/
Autorijschool Zaki,040 248 56 12,info@rijschoolzaki.nl,http://www.rijschoolzaki.nl/
Bever Bodegraven B.V.,None,bodegraven@bevertmc.nl,http://www.beverautoaanpassingen.nl/
Bij-Jack,040 711 10 00,lessen@bij-jack.nl,None
De Rijbewijs School Paul Smulders,040 285 65 55,paul@derijbewijsschool.nl,None
E&H Rijschool Eindhoven,0616123901,rijschoolehv@hotmail.com,None
Elgran Logistic Training,0492 26 36 43,factuur@elgran.nl,None
Excellent Verkeersonderwijs,0499 39 72 18,aselsig@excellentverkeersonderwijs.nl,http://www.excellentverkeersonderwijs.nl/
KEY2DRIVE!,040 295 38 38,marielouise@key2drive.eu,http://www.key2drive.eu/
LEEUW opleidingen,None,info@leeuwopleidingen.nl,https://www.leeuwopleidingen.nl/
LEonS Autorijschool,0499 84 05 35,info@leonsautorijschool.nl,None
Markant Verkeersschool,06 29 06 40 50,info@markant-verkeer.nl,http://www.markant-verkeer.nl/
Niessen Toorop Autorijschool,06 13 16 53 10,ronnytoorop@hotmail.com,None
NRV Autorijschool,None,rwpeijnenburg@gmail.com,http://autorijschoolnrv.nl/
NXXT Verkeersscholen B.V.,085 040 0000,info@nxxt.nl,None
On the road,None,leonfooy@gmail.com,None
PROCentrum B.V.,None,info@procentrum.nl,None
RDW.NU - Rijschool Roger de Weijer,040 780 38 00,info@rdw.nu,http://www.rdw.nu/
Rijopleiding Lessoner.nl,040 251 11 60,info@lessoner.nl,http://www.lessoner.nl/
Rijopleiding VanLet,040 284 44 36,rijopleiding@VanLetopleidingen.nl,http://www.rijopleidingvanlet.nl/
Rijschool Ram Drive,040 241 69 52,info@rijschool-ramdrive.nl,http://www.rijschool-ramdrive.nl/
Rijschool 2000 R.,0497 62 01 60,cjmreniers@gmail.com,None
Rijschool Aalders,0497 59 18 45,mennoaalders@upcmail.nl,None
Rijschool Ad Van Lieshout,040 253 62 78,autorijschooladvanlieshout@gmail.com,http://www.autorijschooladvanlieshout.nl/
Rijschool Anil Aksakal,402129423,info@rijschoolanil.nl,http://www.rijschoolanil.nl/
Rijschool de Veste,0850604921,info@rijschooldeveste.nl,None
Rijschool Dekker B.V.,None,wendy@rijschooldekker.nl,None
Rijschool Dennis de Bruijn,040 311 1944,info@rijschooldennisdebruijn.nl,https://rijschooldennisdebruijn.nl/
Rijschool Fahim Damee,None,fahimdamee@hotmail.com,None
Rijschool Feka,None,info@rijschoolfeka.nl,http://www.rijschoolfeka.nl/
Rijschool Huizing V.O.F.,653539511,RIJSCHOOLHUIZING@GMAIL.COM,http://www.rijschoolhuizing.nl/
Rijschool John Soekhnandan,040 281 44 70,j.soekhnandan@gmail.com,None
Rijschool Kennis B.V.,040 3098 103,info@rijschoolkennis.nl,https://www.rijschoolkennis.nl/
Rijschool Kirsten van Kasteren t.h.o.d.n. NXXT,0407440298,kirstenvankasteren@nxxt.nl,None
Rijschool Koer,06 15 29 57 50,rijschool.koer@live.nl,None
Rijschool Kwaliteit Eindhoven B.V.,0610106171,info@rijschoolkwaliteiteindhoven.nl,https://rijschoolkwaliteiteindhoven.nl/
Rijschool Manders,0403686553,info@rijschoolmanders.nl,http://www.rijschoolmanders.nl/
Rijschool Nijkamp,0402462983,edwinnijkamp@hotmail.com,None
Rijschool Om de Linde,06 27 01 21 77,info@rijschoolomdelinde.nl,None
Rijschool Peter Pompert,040 256 91 99,info@autorijschoolpompert.nl,http://www.autorijschoolpompert.nl/
Rijschool Primo,0492 66 77 01,m.alsayfi@live.nl,None
Rijschool Regio 040,None,autorijschoolregio040@gmail.com,None
Rijschool Reniers,0497 64 16 44,info@rijschoolreniers.nl,http://www.rijschoolreniers.nl/
Rijschool SRS,040 2443 113,msnawabi@gmail.com,None
Rijschool Stroosma,040 205 25 12,rijschoolstroosma@outlook.com,http://www.rijschoolstroosma.nl/
Rijschool Tilburg,None,miracdursunzakelijk@gmail.com,None
Rijschool Ustun,040 281 11 24,s_ustuner70@hotmail.com,None
Rijschool Verheijen,0492 70 02 36,info@rijschoolverheijen.nl,https://rijschoolverheijen.nl/
Rijschool Verstappen t.h.o.d.n. LesGo,06 11 91 80 06,tim.verstappen@lesgo.nl,None
Rijschool Wildenberg B.V.,040 211 99 42,info@rijschoolwildenberg.nl,http://www.rijschoolwildenberg.nl/
Rijschool Will,040 253 65 62,info@rijschoolwill.nl,None
Safane Rijschool,0402220668,m.anema@live.nl,None
Smits Opleidingen,None,info@smitsopleidingen.nl,http://www.smitsopleidingen.nl/
Theo van de Looy,0411 67 74 13,dinekevanderzwaag@hotmail.com,None
V-Tas B.V.,None,info@v-tas.com,None
V.o.f. Autorijschool Ine van Gilst,None,info@rijschool-vangilst.nl,http://www.rijschool-vangilst.nl/
Van Houtum Rijopleiding,040 254 04 02,vhoutum@live.com,http://www.vhoutum.nl/
Verkeerschool Van de Moosdijk V.O.F.,None,info@verkeersschoolvdmoosdijk.nl,http://www.verkeersschoolvdmoosdijk.nl/
Verkeersopleiding Von Kriegenbergh,040 283 55 44,g.vonkriegenbergh@onsnet.nu,None
Verkeersschool Ben Verhagen,0497 53 03 20,info@benverhagen.nl,http://www.benverhagen.nl/
Verkeersschool Hurkmans,06 10 22 61 07,info@verkeersschoolhurkmans.nl,http://www.verkeersschoolhurkmans.nl/
Verkeersschool Intest,085 743 01 11,info@intest.nl,http://www.intest.nl/
Verkeersschool Jannie Jansen,040 201 92 38,janniejansen@janniejansen.nl,http://www.janniejansen.nl/
Verkeersschool Meurs,040 253 29 97,info@verkeersschoolmeurs.nl,http://www.verkeersschoolmeurs.nl/
Verkeersschool Wim Verbeek,0499 37 39 86,wimverbeek@planet.nl,http://www.rijschoolwimverbeek.nl/
Wassenaar Rijopleiding,0408448236,r.sewlal@hotmail.com,None
A. Kuik h/o V.O.C.E. Coevorden,0524 51 78 22,a.kuik@voce.nl,http://www.rijschoolvoce.nl/
Algemene rijopleiding Piet Gons t.h.o.d.n. Anwb rijopleiding,052 835 10 55,pietgons@live.nl,None
Autorijschool Altena,0523858882,info@autorijschoolaltena.nl,http://www.autorijschoolaltena.nl/
Autorijschool Andries,0525662727,info@autorijschoolandries.nl,http://www.autorijschoolandries.nl/
Autorijschool E.D.A.S.,0528 34 23 94,info@autorijschool-edas.nl,http://www.autorijschool-edas.nl/
Autorijschool FranZ,0524795133,frdejong@live.nl,None
Autorijschool J. Groen,0591 85 88 18,judithelisa@live.nl,None
Autorijschool Joldersma,0524 58 10 21,r.joldersma@orange.nl,None
Autorijschool Reinink,0524 51 31 51,info@autorijschoolreinink.nl,None
Autorijschool Schulte,0524 54 23 92,info@rijschoolschulte.nl,None
Enjoy2Drive,06 13 73 37 47,info@enjoy2drive.nl,http://www.enjoy2drive.nl/
Go 4 Wheels,0591644724,info@go4wheels.nl,None
Jalving,0591 52 21 76,lies@rijschooljalving.nl,http://www.rijschooljalving.nl/
Nijland Verkeersscholen B.V.,0591 31 28 40,info@verkeersschoolnijland.nl,http://www.verkeersschoolnijland.nl/
Opleidingscentrum DIBO,None,info@verkeersschooldibo.nl,http://www.verkeersschooldibo.nl/
Qontraq B.V.,085 016 24 00,info@qontraq.nl,https://qontraq.nl/
Rijblijwijs,0591 61 75 59,info@rijblijwijs.nl,None
Rijschool Andrea Baas,None,rijschoolandreabaas@gmail.com,None
Rijschool Boer,0599 21 22 70,A.Boer-tcj@kpnplanet.nl,None
Rijschool de Brug,0591626736,tozluyurt50@hotmail.com,None
Rijschool Happy Wheels,0651615138,info@rijschoolhappywheels.nl,https://www.rijschoolhappywheels.nl/
Rijschool J. de Wolde,0524 53 38 52,info@rijschooldewolde.nl,http://www.rijschooldewolde.nl/
Rijschool Level,0592 86 84 68,info@rijschoollevel.nl,http://www.rijschoollevel.nl/
Rijschool Marco,0591 55 63 03,info@rijschoolmarco.nl,http://www.rijschoolmarco.nl/
Rijschool Niemeijer,0592 26 53 66,info@rijschoolniemeijer.nl,None
Rijschool Raymond Jansen,None,autorijschoolrj@hotmail.com,None
Rijschool René Wijnands,0591353905,rijschoolrenewijnands@gmail.com,None
Rijschool Rij-Aktief,0599581158,info@rij-aktief.nl,http://www.rij-aktief.nl/
Rijschool Rosita,None,ruzica171972@gmail.com,None
Rijschool Wim Trip,0591 31 53 15,info@rijschoolwimtrip.nl,http://www.rijschoolwimtrip.nl/
Verkeersschool 2 GO,0524 29 12 30,duinly@hotmail.com,None
Verkeersschool excellent,0591 224 462,bryan85@live.nl,None
Verkeersschool Succes,06 41 32 43 64,info@succes-opleidingen.nl,http://www.verkeersschoolsucces.nl/
Verkeersschool Tent,0591633455,verkeersschoolhanstent@ziggo.nl,None
Weinans Autorijschool,0599 58 19 16,gerard.weinans@zonnet.nl,http://www.weinans-autorijschool.nl/
Wolters rijopleiding,0591222904,rijopleiding-wolters@hotmail.com,None
